<?xml version="1.0" encoding="UTF-8"?>
<questestinterop xmlns="http://www.imsglobal.org/xsd/ims_qtiasiv1p2" xmlns:xsi="http://www.w3.org/2001/XMLSchema-instance" xsi:schemaLocation="http://www.imsglobal.org/xsd/ims_qtiasiv1p2 http://www.imsglobal.org/xsd/ims_qtiasiv1p2p1.xsd">
  <assessment ident="text2qti_assessment_a7b17890d9db50a101a41e0ad9954f9d38437608e362a3f57782f5cbeb5f6436" title="Ejercicio interactivo sobre instrumentos de medición y control">
    <qtimetadata>
      <qtimetadatafield>
        <fieldlabel>cc_maxattempts</fieldlabel>
        <fieldentry>1</fieldentry>
      </qtimetadatafield>
    </qtimetadata>
    <section ident="root_section">
    <section ident="text2qti_group_1b3b97092bc7ca5f9b4cdece55932e136d17923c3d0c8b57d8d5db062ee69f1e" title="Group">
      <selection_ordering>
        <selection>
          <selection_number>10</selection_number>
          <selection_extension>
            <points_per_item>1</points_per_item>
          </selection_extension>
        </selection>
      </selection_ordering>
      <item ident="text2qti_question_d219a5f24ccc235950821d27ae4cbdcb4edd551a197d999f3bc08e1fe41116fa" title="Question">
        <itemmetadata>
          <qtimetadata>
            <qtimetadatafield>
              <fieldlabel>question_type</fieldlabel>
              <fieldentry>multiple_choice_question</fieldentry>
            </qtimetadatafield>
            <qtimetadatafield>
              <fieldlabel>points_possible</fieldlabel>
              <fieldentry>1</fieldentry>
            </qtimetadatafield>
            <qtimetadatafield>
              <fieldlabel>original_answer_ids</fieldlabel>
              <fieldentry>text2qti_choice_f1470044fc3600aa2fddb9d83054e1176c4d7cec96eb314393420fe39dcf0ad2,text2qti_choice_9826c075e9a456416c88badd732dd3c4b4e26f67056e0f3d9228e2cc6cb093c7,text2qti_choice_b0e3fb35d330fe79e379f70348f7d9c78bdd452e0b6cbb4d23bdb99365f3d13c</fieldentry>
            </qtimetadatafield>
            <qtimetadatafield>
              <fieldlabel>assessment_question_identifierref</fieldlabel>
              <fieldentry>text2qti_question_ref_d219a5f24ccc235950821d27ae4cbdcb4edd551a197d999f3bc08e1fe41116fa</fieldentry>
            </qtimetadatafield>
          </qtimetadata>
        </itemmetadata>
        <presentation>
          <material>
            <mattext texttype="text/html">&lt;p&gt;Selecciona la opción correcta. ¿Cuál es la precisión habitual de una regla metálica de taller?&lt;/p&gt;</mattext>
          </material>
          <response_lid ident="response1" rcardinality="Single">
            <render_choice>
              <response_label ident="text2qti_choice_f1470044fc3600aa2fddb9d83054e1176c4d7cec96eb314393420fe39dcf0ad2">
                <material>
                  <mattext texttype="text/html">&lt;p&gt;5 mm&lt;/p&gt;</mattext>
                </material>
              </response_label>
              <response_label ident="text2qti_choice_9826c075e9a456416c88badd732dd3c4b4e26f67056e0f3d9228e2cc6cb093c7">
                <material>
                  <mattext texttype="text/html">&lt;p&gt;1 mm&lt;/p&gt;</mattext>
                </material>
              </response_label>
              <response_label ident="text2qti_choice_b0e3fb35d330fe79e379f70348f7d9c78bdd452e0b6cbb4d23bdb99365f3d13c">
                <material>
                  <mattext texttype="text/html">&lt;p&gt;0,1 mm&lt;/p&gt;</mattext>
                </material>
              </response_label>
            </render_choice>
          </response_lid>
        </presentation>
        <resprocessing>
          <outcomes>
            <decvar maxvalue="100" minvalue="0" varname="SCORE" vartype="Decimal"/>
          </outcomes>
          <respcondition continue="No">
            <conditionvar>
              <varequal respident="response1">text2qti_choice_9826c075e9a456416c88badd732dd3c4b4e26f67056e0f3d9228e2cc6cb093c7</varequal>
            </conditionvar>
            <setvar action="Set" varname="SCORE">100</setvar>
          </respcondition>
        </resprocessing>
      </item>
      <item ident="text2qti_question_2f0cba746f4e8eb7ea481b553a6ecaf23403d6ad49a3904e71f5b57a2d92cc69" title="Question">
        <itemmetadata>
          <qtimetadata>
            <qtimetadatafield>
              <fieldlabel>question_type</fieldlabel>
              <fieldentry>multiple_answers_question</fieldentry>
            </qtimetadatafield>
            <qtimetadatafield>
              <fieldlabel>points_possible</fieldlabel>
              <fieldentry>1</fieldentry>
            </qtimetadatafield>
            <qtimetadatafield>
              <fieldlabel>original_answer_ids</fieldlabel>
              <fieldentry>text2qti_choice_e576a94a78bb44440cbbf67e9143583ea1a0f17fb008e852c8b6855d0fb729fc,text2qti_choice_9ab7555e43b3c6390a93b98ddf2c298bcaba6e6405dc4c86154c839b9e0eaaf7,text2qti_choice_a7286b99bc68d5454a4c438c343f6586b37845864a8ec093b820ad20a66fd16b,text2qti_choice_7372cc69ce83e4a43693dee00cde582130fca4903947c20e9990ac4e6c4494c1</fieldentry>
            </qtimetadatafield>
            <qtimetadatafield>
              <fieldlabel>assessment_question_identifierref</fieldlabel>
              <fieldentry>text2qti_question_ref_2f0cba746f4e8eb7ea481b553a6ecaf23403d6ad49a3904e71f5b57a2d92cc69</fieldentry>
            </qtimetadatafield>
          </qtimetadata>
        </itemmetadata>
        <presentation>
          <material>
            <mattext texttype="text/html">&lt;p&gt;Elige todas las opciones correctas. La regla metálica se puede usar para:&lt;/p&gt;</mattext>
          </material>
          <response_lid ident="response1" rcardinality="Multiple">
            <render_choice>
              <response_label ident="text2qti_choice_e576a94a78bb44440cbbf67e9143583ea1a0f17fb008e852c8b6855d0fb729fc">
                <material>
                  <mattext texttype="text/html">&lt;p&gt;Medir longitudes simples&lt;/p&gt;</mattext>
                </material>
              </response_label>
              <response_label ident="text2qti_choice_9ab7555e43b3c6390a93b98ddf2c298bcaba6e6405dc4c86154c839b9e0eaaf7">
                <material>
                  <mattext texttype="text/html">&lt;p&gt;Trazar líneas sobre piezas&lt;/p&gt;</mattext>
                </material>
              </response_label>
              <response_label ident="text2qti_choice_a7286b99bc68d5454a4c438c343f6586b37845864a8ec093b820ad20a66fd16b">
                <material>
                  <mattext texttype="text/html">&lt;p&gt;Medir ángulos con precisión&lt;/p&gt;</mattext>
                </material>
              </response_label>
              <response_label ident="text2qti_choice_7372cc69ce83e4a43693dee00cde582130fca4903947c20e9990ac4e6c4494c1">
                <material>
                  <mattext texttype="text/html">&lt;p&gt;Verificar planitud de superficies&lt;/p&gt;</mattext>
                </material>
              </response_label>
            </render_choice>
          </response_lid>
        </presentation>
        <resprocessing>
          <outcomes>
            <decvar maxvalue="100" minvalue="0" varname="SCORE" vartype="Decimal"/>
          </outcomes>
          <respcondition continue="No">
            <conditionvar>
              <and>
                <varequal respident="response1">text2qti_choice_e576a94a78bb44440cbbf67e9143583ea1a0f17fb008e852c8b6855d0fb729fc</varequal>
                <varequal respident="response1">text2qti_choice_9ab7555e43b3c6390a93b98ddf2c298bcaba6e6405dc4c86154c839b9e0eaaf7</varequal>
                <not>
                  <varequal respident="response1">text2qti_choice_a7286b99bc68d5454a4c438c343f6586b37845864a8ec093b820ad20a66fd16b</varequal>
                </not>
                <not>
                  <varequal respident="response1">text2qti_choice_7372cc69ce83e4a43693dee00cde582130fca4903947c20e9990ac4e6c4494c1</varequal>
                </not>
              </and>
            </conditionvar>
            <setvar action="Set" varname="SCORE">100</setvar>
          </respcondition>
        </resprocessing>
      </item>
      <item ident="text2qti_question_e152e78e7c685decc456a493938ba86508eec2e1258ad2e2b8e02129dc5b6510" title="Question">
        <itemmetadata>
          <qtimetadata>
            <qtimetadatafield>
              <fieldlabel>question_type</fieldlabel>
              <fieldentry>short_answer_question</fieldentry>
            </qtimetadatafield>
            <qtimetadatafield>
              <fieldlabel>points_possible</fieldlabel>
              <fieldentry>1</fieldentry>
            </qtimetadatafield>
            <qtimetadatafield>
              <fieldlabel>original_answer_ids</fieldlabel>
              <fieldentry>text2qti_choice_8a2420d6d945f8b5a4974449faf3b0be94db803d40ec976c2af6af1d2a6e9563,text2qti_choice_f70578a730d80a21367bbc1cdcd117c682c8a33da9909b7fc6885896e2db4cd3,text2qti_choice_7ab765450d4c88925a130728bf54a33086b28eafe918e0ce9c8cea405cc71f93</fieldentry>
            </qtimetadatafield>
            <qtimetadatafield>
              <fieldlabel>assessment_question_identifierref</fieldlabel>
              <fieldentry>text2qti_question_ref_e152e78e7c685decc456a493938ba86508eec2e1258ad2e2b8e02129dc5b6510</fieldentry>
            </qtimetadatafield>
          </qtimetadata>
        </itemmetadata>
        <presentation>
          <material>
            <mattext texttype="text/html">&lt;p&gt;Pon una sola palabra: Pon una unidad que puede tener una regla metálica.&lt;/p&gt;</mattext>
          </material>
          <response_str ident="response1" rcardinality="Single">
            <render_fib>
              <response_label ident="answer1" rshuffle="No"/>
            </render_fib>
          </response_str>
        </presentation>
        <resprocessing>
          <outcomes>
            <decvar maxvalue="100" minvalue="0" varname="SCORE" vartype="Decimal"/>
          </outcomes>
          <respcondition continue="No">
            <conditionvar>
              <varequal respident="response1">milímetros</varequal>
              <varequal respident="response1">mm</varequal>
              <varequal respident="response1">pulgadas</varequal>
            </conditionvar>
            <setvar action="Set" varname="SCORE">100</setvar>
          </respcondition>
        </resprocessing>
      </item>
      <item ident="text2qti_question_9ac65e7b57d6457903af0b0c72acfcd4db88e861f1b7b96709e1b2950dae78c3" title="Question">
        <itemmetadata>
          <qtimetadata>
            <qtimetadatafield>
              <fieldlabel>question_type</fieldlabel>
              <fieldentry>short_answer_question</fieldentry>
            </qtimetadatafield>
            <qtimetadatafield>
              <fieldlabel>points_possible</fieldlabel>
              <fieldentry>1</fieldentry>
            </qtimetadatafield>
            <qtimetadatafield>
              <fieldlabel>original_answer_ids</fieldlabel>
              <fieldentry>text2qti_choice_2281d317623fe8b1e9a45a79783905f529165ab544bcb3b37e689b71e2adb812,text2qti_choice_52a62304c9145517611ab380d1d9df77a19cac3055d8ae65f28a03c1f9af447b,text2qti_choice_5b123f3f6048bf7a3f1e4e736956aaec560e4ac8f8eeebc40f72092ed9e1b565</fieldentry>
            </qtimetadatafield>
            <qtimetadatafield>
              <fieldlabel>assessment_question_identifierref</fieldlabel>
              <fieldentry>text2qti_question_ref_9ac65e7b57d6457903af0b0c72acfcd4db88e861f1b7b96709e1b2950dae78c3</fieldentry>
            </qtimetadatafield>
          </qtimetadata>
        </itemmetadata>
        <presentation>
          <material>
            <mattext texttype="text/html">&lt;p&gt;Usa solo dos palabras en minúsculas para contestar: ¿Cuál es la separación usual entre marcas en una regla metálica?&lt;/p&gt;</mattext>
          </material>
          <response_str ident="response1" rcardinality="Single">
            <render_fib>
              <response_label ident="answer1" rshuffle="No"/>
            </render_fib>
          </response_str>
        </presentation>
        <resprocessing>
          <outcomes>
            <decvar maxvalue="100" minvalue="0" varname="SCORE" vartype="Decimal"/>
          </outcomes>
          <respcondition continue="No">
            <conditionvar>
              <varequal respident="response1">Un milímetro</varequal>
              <varequal respident="response1">un milímetro</varequal>
              <varequal respident="response1">1 milímetro</varequal>
            </conditionvar>
            <setvar action="Set" varname="SCORE">100</setvar>
          </respcondition>
        </resprocessing>
      </item>
      <item ident="text2qti_question_cfc85abf2b6bd6cb9171be430bd2995b057bfc140243e435998997a0d80e60f6" title="Question">
        <itemmetadata>
          <qtimetadata>
            <qtimetadatafield>
              <fieldlabel>question_type</fieldlabel>
              <fieldentry>short_answer_question</fieldentry>
            </qtimetadatafield>
            <qtimetadatafield>
              <fieldlabel>points_possible</fieldlabel>
              <fieldentry>1</fieldentry>
            </qtimetadatafield>
            <qtimetadatafield>
              <fieldlabel>original_answer_ids</fieldlabel>
              <fieldentry>text2qti_choice_8627363ea70f3f8d26074bbc6029c3d3ca33de5c48c84d1e8f231f17dd099cb7,text2qti_choice_b545542270ec82d885bba0687567b59fa34287f3c2f8b42f10b151c2e3a430ab,text2qti_choice_2b0cf6cf8a6707275613a445807e96c360e9454e3fbc943b9445036d1d14971f,text2qti_choice_73ddd26829c95e5357cad3cfe232398b73b563a885e2cd786119ac8578935659,text2qti_choice_31b8d9bfb77da5b863da0e5853229657582038c4feb965e7fe12a42684bac238,text2qti_choice_76a1247c645ad54fb96d038c1c5c1b9aa92384df967f20e56e2f2d7612567476</fieldentry>
            </qtimetadatafield>
            <qtimetadatafield>
              <fieldlabel>assessment_question_identifierref</fieldlabel>
              <fieldentry>text2qti_question_ref_cfc85abf2b6bd6cb9171be430bd2995b057bfc140243e435998997a0d80e60f6</fieldentry>
            </qtimetadatafield>
          </qtimetadata>
        </itemmetadata>
        <presentation>
          <material>
            <mattext texttype="text/html">&lt;p&gt;Escribe la palabra que falta en minúscula: No puedes usar una regla metálica para medición de _____ precisión porque hay mucha separación entre cada marca.&lt;/p&gt;</mattext>
          </material>
          <response_str ident="response1" rcardinality="Single">
            <render_fib>
              <response_label ident="answer1" rshuffle="No"/>
            </render_fib>
          </response_str>
        </presentation>
        <resprocessing>
          <outcomes>
            <decvar maxvalue="100" minvalue="0" varname="SCORE" vartype="Decimal"/>
          </outcomes>
          <respcondition continue="No">
            <conditionvar>
              <varequal respident="response1">alta</varequal>
              <varequal respident="response1">Alta</varequal>
              <varequal respident="response1">mucha</varequal>
              <varequal respident="response1">Mucha</varequal>
              <varequal respident="response1">gran</varequal>
              <varequal respident="response1">Gran</varequal>
            </conditionvar>
            <setvar action="Set" varname="SCORE">100</setvar>
          </respcondition>
        </resprocessing>
      </item>
      <item ident="text2qti_question_a2dd35a66899e17c0c61d3e0d8695b2e3a372ced3667fc0b06fa30a64d36b660" title="Question">
        <itemmetadata>
          <qtimetadata>
            <qtimetadatafield>
              <fieldlabel>question_type</fieldlabel>
              <fieldentry>multiple_choice_question</fieldentry>
            </qtimetadatafield>
            <qtimetadatafield>
              <fieldlabel>points_possible</fieldlabel>
              <fieldentry>1</fieldentry>
            </qtimetadatafield>
            <qtimetadatafield>
              <fieldlabel>original_answer_ids</fieldlabel>
              <fieldentry>text2qti_choice_4e202ee83ffe5982894286492e4d6bb4180dad27fd5b7ae9e52c34047877d76a,text2qti_choice_fe1e3fc2f856540045b303dbde465a9dd1725be6f7b291c95d1f8a773160d23e,text2qti_choice_20f50632e83998dacf0d17c4406fafdcbfdfef98ad6d14acf88fd9d829cb5646,text2qti_choice_bd7e5be3a91f56fa8b5d726949e55a625a82ddac1797602ceb6120b3cf830420</fieldentry>
            </qtimetadatafield>
            <qtimetadatafield>
              <fieldlabel>assessment_question_identifierref</fieldlabel>
              <fieldentry>text2qti_question_ref_a2dd35a66899e17c0c61d3e0d8695b2e3a372ced3667fc0b06fa30a64d36b660</fieldentry>
            </qtimetadatafield>
          </qtimetadata>
        </itemmetadata>
        <presentation>
          <material>
            <mattext texttype="text/html">&lt;p&gt;Selecciona la opción correcta. ¿Cuál es la función principal de una escuadra fija de 90°?&lt;/p&gt;</mattext>
          </material>
          <response_lid ident="response1" rcardinality="Single">
            <render_choice>
              <response_label ident="text2qti_choice_4e202ee83ffe5982894286492e4d6bb4180dad27fd5b7ae9e52c34047877d76a">
                <material>
                  <mattext texttype="text/html">&lt;p&gt;Medir diámetros exteriores&lt;/p&gt;</mattext>
                </material>
              </response_label>
              <response_label ident="text2qti_choice_fe1e3fc2f856540045b303dbde465a9dd1725be6f7b291c95d1f8a773160d23e">
                <material>
                  <mattext texttype="text/html">&lt;p&gt;Verificar ángulos rectos&lt;/p&gt;</mattext>
                </material>
              </response_label>
              <response_label ident="text2qti_choice_20f50632e83998dacf0d17c4406fafdcbfdfef98ad6d14acf88fd9d829cb5646">
                <material>
                  <mattext texttype="text/html">&lt;p&gt;Medir espesores&lt;/p&gt;</mattext>
                </material>
              </response_label>
              <response_label ident="text2qti_choice_bd7e5be3a91f56fa8b5d726949e55a625a82ddac1797602ceb6120b3cf830420">
                <material>
                  <mattext texttype="text/html">&lt;p&gt;Verificar ángulos en general&lt;/p&gt;</mattext>
                </material>
              </response_label>
            </render_choice>
          </response_lid>
        </presentation>
        <resprocessing>
          <outcomes>
            <decvar maxvalue="100" minvalue="0" varname="SCORE" vartype="Decimal"/>
          </outcomes>
          <respcondition continue="No">
            <conditionvar>
              <varequal respident="response1">text2qti_choice_fe1e3fc2f856540045b303dbde465a9dd1725be6f7b291c95d1f8a773160d23e</varequal>
            </conditionvar>
            <setvar action="Set" varname="SCORE">100</setvar>
          </respcondition>
        </resprocessing>
      </item>
      <item ident="text2qti_question_099410837c62521485dbb7f7a2ecfe8a31338574facefc48c5c4941d313c63ad" title="Question">
        <itemmetadata>
          <qtimetadata>
            <qtimetadatafield>
              <fieldlabel>question_type</fieldlabel>
              <fieldentry>multiple_answers_question</fieldentry>
            </qtimetadatafield>
            <qtimetadatafield>
              <fieldlabel>points_possible</fieldlabel>
              <fieldentry>1</fieldentry>
            </qtimetadatafield>
            <qtimetadatafield>
              <fieldlabel>original_answer_ids</fieldlabel>
              <fieldentry>text2qti_choice_7e047846e63c47fd8c559fef3fc0b9add10d83142b7760c34be6a807ca4e16d4,text2qti_choice_a0c3a34be7a7c63743a890b853efdaa29172d266a00b87e82cea5f016cc4112b,text2qti_choice_74ecd8fa42108b4d0b7fa11a476346f93bea62d7bf154187c70134d3e6a69745,text2qti_choice_093ec748ea95541399f17fb06b54fa32170078f1bb90308d31203e742762af7e,text2qti_choice_2d588b7206f1a822c7237de0d77b49a444fdec59e70e65c7eafaee8ee33775bb</fieldentry>
            </qtimetadatafield>
            <qtimetadatafield>
              <fieldlabel>assessment_question_identifierref</fieldlabel>
              <fieldentry>text2qti_question_ref_099410837c62521485dbb7f7a2ecfe8a31338574facefc48c5c4941d313c63ad</fieldentry>
            </qtimetadatafield>
          </qtimetadata>
        </itemmetadata>
        <presentation>
          <material>
            <mattext texttype="text/html">&lt;p&gt;Elige todas las opciones correctas. Una escuadra fija se usa para:&lt;/p&gt;</mattext>
          </material>
          <response_lid ident="response1" rcardinality="Multiple">
            <render_choice>
              <response_label ident="text2qti_choice_7e047846e63c47fd8c559fef3fc0b9add10d83142b7760c34be6a807ca4e16d4">
                <material>
                  <mattext texttype="text/html">&lt;p&gt;Verificar esquinas a 90°&lt;/p&gt;</mattext>
                </material>
              </response_label>
              <response_label ident="text2qti_choice_a0c3a34be7a7c63743a890b853efdaa29172d266a00b87e82cea5f016cc4112b">
                <material>
                  <mattext texttype="text/html">&lt;p&gt;Trazar líneas perpendiculares&lt;/p&gt;</mattext>
                </material>
              </response_label>
              <response_label ident="text2qti_choice_74ecd8fa42108b4d0b7fa11a476346f93bea62d7bf154187c70134d3e6a69745">
                <material>
                  <mattext texttype="text/html">&lt;p&gt;Comprobar la planitud&lt;/p&gt;</mattext>
                </material>
              </response_label>
              <response_label ident="text2qti_choice_093ec748ea95541399f17fb06b54fa32170078f1bb90308d31203e742762af7e">
                <material>
                  <mattext texttype="text/html">&lt;p&gt;Medir distancias en diagonal&lt;/p&gt;</mattext>
                </material>
              </response_label>
              <response_label ident="text2qti_choice_2d588b7206f1a822c7237de0d77b49a444fdec59e70e65c7eafaee8ee33775bb">
                <material>
                  <mattext texttype="text/html">&lt;p&gt;Trazar líneas oblicuas&lt;/p&gt;</mattext>
                </material>
              </response_label>
            </render_choice>
          </response_lid>
        </presentation>
        <resprocessing>
          <outcomes>
            <decvar maxvalue="100" minvalue="0" varname="SCORE" vartype="Decimal"/>
          </outcomes>
          <respcondition continue="No">
            <conditionvar>
              <and>
                <varequal respident="response1">text2qti_choice_7e047846e63c47fd8c559fef3fc0b9add10d83142b7760c34be6a807ca4e16d4</varequal>
                <varequal respident="response1">text2qti_choice_a0c3a34be7a7c63743a890b853efdaa29172d266a00b87e82cea5f016cc4112b</varequal>
                <varequal respident="response1">text2qti_choice_74ecd8fa42108b4d0b7fa11a476346f93bea62d7bf154187c70134d3e6a69745</varequal>
                <not>
                  <varequal respident="response1">text2qti_choice_093ec748ea95541399f17fb06b54fa32170078f1bb90308d31203e742762af7e</varequal>
                </not>
                <not>
                  <varequal respident="response1">text2qti_choice_2d588b7206f1a822c7237de0d77b49a444fdec59e70e65c7eafaee8ee33775bb</varequal>
                </not>
              </and>
            </conditionvar>
            <setvar action="Set" varname="SCORE">100</setvar>
          </respcondition>
        </resprocessing>
      </item>
      <item ident="text2qti_question_c8428d7a6311b66a62f008b9036f5dc7db7bd888bd1fd2642b001901ac26e2d6" title="Question">
        <itemmetadata>
          <qtimetadata>
            <qtimetadatafield>
              <fieldlabel>question_type</fieldlabel>
              <fieldentry>multiple_choice_question</fieldentry>
            </qtimetadatafield>
            <qtimetadatafield>
              <fieldlabel>points_possible</fieldlabel>
              <fieldentry>1</fieldentry>
            </qtimetadatafield>
            <qtimetadatafield>
              <fieldlabel>original_answer_ids</fieldlabel>
              <fieldentry>text2qti_choice_c70a73be0a53e1fc0a66f164ac252b668a7929d62d7a6bd68b869c137d0fb8ab,text2qti_choice_970bd0ed0d173075343af949c8d99cd4db42861485d9347605992c6402c73bd3,text2qti_choice_ead786f54a9066348fc238674757dd04fafa9ef391e9ab57f907405f835c05eb,text2qti_choice_5d34eef5008fe7316b01d8b104f89aeb3fe1d949a28b54ab6e8ca77157ed91f9</fieldentry>
            </qtimetadatafield>
            <qtimetadatafield>
              <fieldlabel>assessment_question_identifierref</fieldlabel>
              <fieldentry>text2qti_question_ref_c8428d7a6311b66a62f008b9036f5dc7db7bd888bd1fd2642b001901ac26e2d6</fieldentry>
            </qtimetadatafield>
          </qtimetadata>
        </itemmetadata>
        <presentation>
          <material>
            <mattext texttype="text/html">&lt;p&gt;Elige una opción: ¿Qué tipo de defecto se puede detectar apoyando una escuadra fija sobre una superficie?&lt;/p&gt;</mattext>
          </material>
          <response_lid ident="response1" rcardinality="Single">
            <render_choice>
              <response_label ident="text2qti_choice_c70a73be0a53e1fc0a66f164ac252b668a7929d62d7a6bd68b869c137d0fb8ab">
                <material>
                  <mattext texttype="text/html">&lt;p&gt;Falta de planitud&lt;/p&gt;</mattext>
                </material>
              </response_label>
              <response_label ident="text2qti_choice_970bd0ed0d173075343af949c8d99cd4db42861485d9347605992c6402c73bd3">
                <material>
                  <mattext texttype="text/html">&lt;p&gt;Falta de curvatura adecuada&lt;/p&gt;</mattext>
                </material>
              </response_label>
              <response_label ident="text2qti_choice_ead786f54a9066348fc238674757dd04fafa9ef391e9ab57f907405f835c05eb">
                <material>
                  <mattext texttype="text/html">&lt;p&gt;Falta de longitud en el material&lt;/p&gt;</mattext>
                </material>
              </response_label>
              <response_label ident="text2qti_choice_5d34eef5008fe7316b01d8b104f89aeb3fe1d949a28b54ab6e8ca77157ed91f9">
                <material>
                  <mattext texttype="text/html">&lt;p&gt;Falta de dureza en el material&lt;/p&gt;</mattext>
                </material>
              </response_label>
            </render_choice>
          </response_lid>
        </presentation>
        <resprocessing>
          <outcomes>
            <decvar maxvalue="100" minvalue="0" varname="SCORE" vartype="Decimal"/>
          </outcomes>
          <respcondition continue="No">
            <conditionvar>
              <varequal respident="response1">text2qti_choice_c70a73be0a53e1fc0a66f164ac252b668a7929d62d7a6bd68b869c137d0fb8ab</varequal>
            </conditionvar>
            <setvar action="Set" varname="SCORE">100</setvar>
          </respcondition>
        </resprocessing>
      </item>
      <item ident="text2qti_question_cf053ecfaa41ce1b4399603b27fff0bfd55e13a37637698340e3f51931626d0e" title="Question">
        <itemmetadata>
          <qtimetadata>
            <qtimetadatafield>
              <fieldlabel>question_type</fieldlabel>
              <fieldentry>short_answer_question</fieldentry>
            </qtimetadatafield>
            <qtimetadatafield>
              <fieldlabel>points_possible</fieldlabel>
              <fieldentry>1</fieldentry>
            </qtimetadatafield>
            <qtimetadatafield>
              <fieldlabel>original_answer_ids</fieldlabel>
              <fieldentry>text2qti_choice_0f1c63720e0418dad08fcead6fd0e80eb63c59c2396411dd87748a8b9bed769f,text2qti_choice_c705c1bf0bf6cd54200d6f3f57eecc5d53a2a519618ed5c4a457229d49b3fd8a</fieldentry>
            </qtimetadatafield>
            <qtimetadatafield>
              <fieldlabel>assessment_question_identifierref</fieldlabel>
              <fieldentry>text2qti_question_ref_cf053ecfaa41ce1b4399603b27fff0bfd55e13a37637698340e3f51931626d0e</fieldentry>
            </qtimetadatafield>
          </qtimetadata>
        </itemmetadata>
        <presentation>
          <material>
            <mattext texttype="text/html">&lt;p&gt;Escribe la palabra que falta en minúscula: Una escuadra fija de 90° puede verificar la _____ entre dos caras.&lt;/p&gt;</mattext>
          </material>
          <response_str ident="response1" rcardinality="Single">
            <render_fib>
              <response_label ident="answer1" rshuffle="No"/>
            </render_fib>
          </response_str>
        </presentation>
        <resprocessing>
          <outcomes>
            <decvar maxvalue="100" minvalue="0" varname="SCORE" vartype="Decimal"/>
          </outcomes>
          <respcondition continue="No">
            <conditionvar>
              <varequal respident="response1">perpendicularidad</varequal>
              <varequal respident="response1">Perpendicularidad</varequal>
            </conditionvar>
            <setvar action="Set" varname="SCORE">100</setvar>
          </respcondition>
        </resprocessing>
      </item>
      <item ident="text2qti_question_2abb117d6cf8cee5a4fc63e65c06946570b1f0ab299685a37994e940d182403d" title="Question">
        <itemmetadata>
          <qtimetadata>
            <qtimetadatafield>
              <fieldlabel>question_type</fieldlabel>
              <fieldentry>short_answer_question</fieldentry>
            </qtimetadatafield>
            <qtimetadatafield>
              <fieldlabel>points_possible</fieldlabel>
              <fieldentry>1</fieldentry>
            </qtimetadatafield>
            <qtimetadatafield>
              <fieldlabel>original_answer_ids</fieldlabel>
              <fieldentry>text2qti_choice_b2346f76c573aa6367f92baeab309aa8ca1e27906007e4cce1870caccb1edae5,text2qti_choice_135343571cb74a8665f40b1c3929d083224ae7aa51d3f4a54476ba8f613a4c48</fieldentry>
            </qtimetadatafield>
            <qtimetadatafield>
              <fieldlabel>assessment_question_identifierref</fieldlabel>
              <fieldentry>text2qti_question_ref_2abb117d6cf8cee5a4fc63e65c06946570b1f0ab299685a37994e940d182403d</fieldentry>
            </qtimetadatafield>
          </qtimetadata>
        </itemmetadata>
        <presentation>
          <material>
            <mattext texttype="text/html">&lt;p&gt;¿Qué palabra está mal en la siguiente frase? &amp;ldquo;Dos caras son perpendiculares cuando forman un ángulo de cien grados entre ellas.&lt;/p&gt;</mattext>
          </material>
          <response_str ident="response1" rcardinality="Single">
            <render_fib>
              <response_label ident="answer1" rshuffle="No"/>
            </render_fib>
          </response_str>
        </presentation>
        <resprocessing>
          <outcomes>
            <decvar maxvalue="100" minvalue="0" varname="SCORE" vartype="Decimal"/>
          </outcomes>
          <respcondition continue="No">
            <conditionvar>
              <varequal respident="response1">cien</varequal>
              <varequal respident="response1">Cien</varequal>
            </conditionvar>
            <setvar action="Set" varname="SCORE">100</setvar>
          </respcondition>
        </resprocessing>
      </item>
      <item ident="text2qti_question_1350da4e24bb6e867011bda352f0f215db94366c1786081f6ba66e44a5dc57d4" title="Question">
        <itemmetadata>
          <qtimetadata>
            <qtimetadatafield>
              <fieldlabel>question_type</fieldlabel>
              <fieldentry>multiple_choice_question</fieldentry>
            </qtimetadatafield>
            <qtimetadatafield>
              <fieldlabel>points_possible</fieldlabel>
              <fieldentry>1</fieldentry>
            </qtimetadatafield>
            <qtimetadatafield>
              <fieldlabel>original_answer_ids</fieldlabel>
              <fieldentry>text2qti_choice_9f978848d8b7ba7843bbb3418710e91e6b5459c9480a850fe7252252ad7455d3,text2qti_choice_cdccf01726114df75f202665c7d1efc5cc9fd24b11994e5842b2d4d59981de80,text2qti_choice_17d543bc46a013156c2417a0a8bc8fc90328ae2ba49be0122a46b4f181e441e4</fieldentry>
            </qtimetadatafield>
            <qtimetadatafield>
              <fieldlabel>assessment_question_identifierref</fieldlabel>
              <fieldentry>text2qti_question_ref_1350da4e24bb6e867011bda352f0f215db94366c1786081f6ba66e44a5dc57d4</fieldentry>
            </qtimetadatafield>
          </qtimetadata>
        </itemmetadata>
        <presentation>
          <material>
            <mattext texttype="text/html">&lt;p&gt;Selecciona la opción correcta. ¿Qué caracteriza a una escuadra rápida respecto a una fija?&lt;/p&gt;</mattext>
          </material>
          <response_lid ident="response1" rcardinality="Single">
            <render_choice>
              <response_label ident="text2qti_choice_9f978848d8b7ba7843bbb3418710e91e6b5459c9480a850fe7252252ad7455d3">
                <material>
                  <mattext texttype="text/html">&lt;p&gt;Mayor precisión&lt;/p&gt;</mattext>
                </material>
              </response_label>
              <response_label ident="text2qti_choice_cdccf01726114df75f202665c7d1efc5cc9fd24b11994e5842b2d4d59981de80">
                <material>
                  <mattext texttype="text/html">&lt;p&gt;Mayor versatilidad y rapidez de uso&lt;/p&gt;</mattext>
                </material>
              </response_label>
              <response_label ident="text2qti_choice_17d543bc46a013156c2417a0a8bc8fc90328ae2ba49be0122a46b4f181e441e4">
                <material>
                  <mattext texttype="text/html">&lt;p&gt;Material más frágil&lt;/p&gt;</mattext>
                </material>
              </response_label>
            </render_choice>
          </response_lid>
        </presentation>
        <resprocessing>
          <outcomes>
            <decvar maxvalue="100" minvalue="0" varname="SCORE" vartype="Decimal"/>
          </outcomes>
          <respcondition continue="No">
            <conditionvar>
              <varequal respident="response1">text2qti_choice_cdccf01726114df75f202665c7d1efc5cc9fd24b11994e5842b2d4d59981de80</varequal>
            </conditionvar>
            <setvar action="Set" varname="SCORE">100</setvar>
          </respcondition>
        </resprocessing>
      </item>
      <item ident="text2qti_question_730892267b9df17171f3d764b9d0b268ef328c1f0aa07fe60dffc28dec0dafa3" title="Question">
        <itemmetadata>
          <qtimetadata>
            <qtimetadatafield>
              <fieldlabel>question_type</fieldlabel>
              <fieldentry>multiple_answers_question</fieldentry>
            </qtimetadatafield>
            <qtimetadatafield>
              <fieldlabel>points_possible</fieldlabel>
              <fieldentry>1</fieldentry>
            </qtimetadatafield>
            <qtimetadatafield>
              <fieldlabel>original_answer_ids</fieldlabel>
              <fieldentry>text2qti_choice_0a2bd62b2e2ec0736dd0101feaa9f2b260c3a62841088d2a6205ec267a71d8aa,text2qti_choice_b54e0f89b872c7cf153cf98bd80cecbf659ae690f384f9f1e3547553055e79a7,text2qti_choice_a69c29afe08c5c0a2e204b6e47683de6a5237a38d74129baf3f24795ef56e997,text2qti_choice_02301a224fd096d7968f37915a9192883c55d67f6aec84341e2992a6e2023357</fieldentry>
            </qtimetadatafield>
            <qtimetadatafield>
              <fieldlabel>assessment_question_identifierref</fieldlabel>
              <fieldentry>text2qti_question_ref_730892267b9df17171f3d764b9d0b268ef328c1f0aa07fe60dffc28dec0dafa3</fieldentry>
            </qtimetadatafield>
          </qtimetadata>
        </itemmetadata>
        <presentation>
          <material>
            <mattext texttype="text/html">&lt;p&gt;Elige todas las opciones correctas. Sobre la escuadra rápida:&lt;/p&gt;</mattext>
          </material>
          <response_lid ident="response1" rcardinality="Multiple">
            <render_choice>
              <response_label ident="text2qti_choice_0a2bd62b2e2ec0736dd0101feaa9f2b260c3a62841088d2a6205ec267a71d8aa">
                <material>
                  <mattext texttype="text/html">&lt;p&gt;Se usa en carpintería y metalmecánica ligera&lt;/p&gt;</mattext>
                </material>
              </response_label>
              <response_label ident="text2qti_choice_b54e0f89b872c7cf153cf98bd80cecbf659ae690f384f9f1e3547553055e79a7">
                <material>
                  <mattext texttype="text/html">&lt;p&gt;Está diseñada para medir con precisión de décimas de milímetro&lt;/p&gt;</mattext>
                </material>
              </response_label>
              <response_label ident="text2qti_choice_a69c29afe08c5c0a2e204b6e47683de6a5237a38d74129baf3f24795ef56e997">
                <material>
                  <mattext texttype="text/html">&lt;p&gt;Permite trazar ángulos rápidamente&lt;/p&gt;</mattext>
                </material>
              </response_label>
              <response_label ident="text2qti_choice_02301a224fd096d7968f37915a9192883c55d67f6aec84341e2992a6e2023357">
                <material>
                  <mattext texttype="text/html">&lt;p&gt;Permite comprobar perpendicularidad entre dos caras igual que la escuadra fija de 90°&lt;/p&gt;</mattext>
                </material>
              </response_label>
            </render_choice>
          </response_lid>
        </presentation>
        <resprocessing>
          <outcomes>
            <decvar maxvalue="100" minvalue="0" varname="SCORE" vartype="Decimal"/>
          </outcomes>
          <respcondition continue="No">
            <conditionvar>
              <and>
                <varequal respident="response1">text2qti_choice_0a2bd62b2e2ec0736dd0101feaa9f2b260c3a62841088d2a6205ec267a71d8aa</varequal>
                <not>
                  <varequal respident="response1">text2qti_choice_b54e0f89b872c7cf153cf98bd80cecbf659ae690f384f9f1e3547553055e79a7</varequal>
                </not>
                <varequal respident="response1">text2qti_choice_a69c29afe08c5c0a2e204b6e47683de6a5237a38d74129baf3f24795ef56e997</varequal>
                <not>
                  <varequal respident="response1">text2qti_choice_02301a224fd096d7968f37915a9192883c55d67f6aec84341e2992a6e2023357</varequal>
                </not>
              </and>
            </conditionvar>
            <setvar action="Set" varname="SCORE">100</setvar>
          </respcondition>
        </resprocessing>
      </item>
      <item ident="text2qti_question_4e7a9774ad90d7946c7d20f24f402eaf239c28a25cf4526bfc15a9534b139e60" title="Question">
        <itemmetadata>
          <qtimetadata>
            <qtimetadatafield>
              <fieldlabel>question_type</fieldlabel>
              <fieldentry>short_answer_question</fieldentry>
            </qtimetadatafield>
            <qtimetadatafield>
              <fieldlabel>points_possible</fieldlabel>
              <fieldentry>1</fieldentry>
            </qtimetadatafield>
            <qtimetadatafield>
              <fieldlabel>original_answer_ids</fieldlabel>
              <fieldentry>text2qti_choice_e47b4d18ec8ae112654193980092ef08a9f11b6a1e370f142e0476108c95e9a8,text2qti_choice_015fa51543c3e9004166f14d3ba384371ae317226d7bff8d2219262c4539b5ff</fieldentry>
            </qtimetadatafield>
            <qtimetadatafield>
              <fieldlabel>assessment_question_identifierref</fieldlabel>
              <fieldentry>text2qti_question_ref_4e7a9774ad90d7946c7d20f24f402eaf239c28a25cf4526bfc15a9534b139e60</fieldentry>
            </qtimetadatafield>
          </qtimetadata>
        </itemmetadata>
        <presentation>
          <material>
            <mattext texttype="text/html">&lt;p&gt;¿Qué material se suele usar para fabricar escuadras rápidas?&lt;/p&gt;</mattext>
          </material>
          <response_str ident="response1" rcardinality="Single">
            <render_fib>
              <response_label ident="answer1" rshuffle="No"/>
            </render_fib>
          </response_str>
        </presentation>
        <resprocessing>
          <outcomes>
            <decvar maxvalue="100" minvalue="0" varname="SCORE" vartype="Decimal"/>
          </outcomes>
          <respcondition continue="No">
            <conditionvar>
              <varequal respident="response1">aluminio</varequal>
              <varequal respident="response1">acero</varequal>
            </conditionvar>
            <setvar action="Set" varname="SCORE">100</setvar>
          </respcondition>
        </resprocessing>
      </item>
      <item ident="text2qti_question_cfe3731f9085206207fc60685383f63e5e3ead839dc44cc48d0308b200933e97" title="Question">
        <itemmetadata>
          <qtimetadata>
            <qtimetadatafield>
              <fieldlabel>question_type</fieldlabel>
              <fieldentry>short_answer_question</fieldentry>
            </qtimetadatafield>
            <qtimetadatafield>
              <fieldlabel>points_possible</fieldlabel>
              <fieldentry>1</fieldentry>
            </qtimetadatafield>
            <qtimetadatafield>
              <fieldlabel>original_answer_ids</fieldlabel>
              <fieldentry>text2qti_choice_a169d819393e45bd45ad193c5851e3b9b0c820ff1ce67f7b95c09972f06aec48,text2qti_choice_7d2c37e90ab0c950cdf725cfc9da1123f25e0086d173ada0cff758a0d4c6db24,text2qti_choice_e5938e9769e182480b3baa317508d183796fd6ff49a107821a8cd5c21922e59d</fieldentry>
            </qtimetadatafield>
            <qtimetadatafield>
              <fieldlabel>assessment_question_identifierref</fieldlabel>
              <fieldentry>text2qti_question_ref_cfe3731f9085206207fc60685383f63e5e3ead839dc44cc48d0308b200933e97</fieldentry>
            </qtimetadatafield>
          </qtimetadata>
        </itemmetadata>
        <presentation>
          <material>
            <mattext texttype="text/html">&lt;p&gt;¿Qué palabra falta en la frase para que sea correcta? La escuadra rápida es para mediciones precisas y finas.&lt;/p&gt;</mattext>
          </material>
          <response_str ident="response1" rcardinality="Single">
            <render_fib>
              <response_label ident="answer1" rshuffle="No"/>
            </render_fib>
          </response_str>
        </presentation>
        <resprocessing>
          <outcomes>
            <decvar maxvalue="100" minvalue="0" varname="SCORE" vartype="Decimal"/>
          </outcomes>
          <respcondition continue="No">
            <conditionvar>
              <varequal respident="response1">no</varequal>
              <varequal respident="response1">No</varequal>
              <varequal respident="response1">NO</varequal>
            </conditionvar>
            <setvar action="Set" varname="SCORE">100</setvar>
          </respcondition>
        </resprocessing>
      </item>
      <item ident="text2qti_question_6194c65265db7134cab6cc413fd462dbc901298fbd2c9d82fc633276a2c0789c" title="Question">
        <itemmetadata>
          <qtimetadata>
            <qtimetadatafield>
              <fieldlabel>question_type</fieldlabel>
              <fieldentry>short_answer_question</fieldentry>
            </qtimetadatafield>
            <qtimetadatafield>
              <fieldlabel>points_possible</fieldlabel>
              <fieldentry>1</fieldentry>
            </qtimetadatafield>
            <qtimetadatafield>
              <fieldlabel>original_answer_ids</fieldlabel>
              <fieldentry>text2qti_choice_8aacd981eab2b940551031a28593c2cdd75e9f8c9111f7436ff07f8ca1a3c173,text2qti_choice_45ef74479b3618b5abfd1efc1c12ef05ed6f54747774381b3010b49b5bd5604c</fieldentry>
            </qtimetadatafield>
            <qtimetadatafield>
              <fieldlabel>assessment_question_identifierref</fieldlabel>
              <fieldentry>text2qti_question_ref_6194c65265db7134cab6cc413fd462dbc901298fbd2c9d82fc633276a2c0789c</fieldentry>
            </qtimetadatafield>
          </qtimetadata>
        </itemmetadata>
        <presentation>
          <material>
            <mattext texttype="text/html">&lt;p&gt;Escribe la palabra que falta en minúscula: La escuara rápida está pensada para trabajos _____ y repetitivos.&lt;/p&gt;</mattext>
          </material>
          <response_str ident="response1" rcardinality="Single">
            <render_fib>
              <response_label ident="answer1" rshuffle="No"/>
            </render_fib>
          </response_str>
        </presentation>
        <resprocessing>
          <outcomes>
            <decvar maxvalue="100" minvalue="0" varname="SCORE" vartype="Decimal"/>
          </outcomes>
          <respcondition continue="No">
            <conditionvar>
              <varequal respident="response1">rápidos</varequal>
              <varequal respident="response1">Rápidos</varequal>
            </conditionvar>
            <setvar action="Set" varname="SCORE">100</setvar>
          </respcondition>
        </resprocessing>
      </item>
      <item ident="text2qti_question_1d105cda60d100b9ef5ee25878483ebad8d3c8946ad80d594ab3f393892c2644" title="Question">
        <itemmetadata>
          <qtimetadata>
            <qtimetadatafield>
              <fieldlabel>question_type</fieldlabel>
              <fieldentry>multiple_choice_question</fieldentry>
            </qtimetadatafield>
            <qtimetadatafield>
              <fieldlabel>points_possible</fieldlabel>
              <fieldentry>1</fieldentry>
            </qtimetadatafield>
            <qtimetadatafield>
              <fieldlabel>original_answer_ids</fieldlabel>
              <fieldentry>text2qti_choice_15fdb227944c461068a2d8cac7b400236d9562b3a1132ff5fa49db234d9577db,text2qti_choice_a3d9c0e9d648c190ea87e5758e6128f4a7bc17b663d9e481f9035e819c2f389f,text2qti_choice_8515ab5faf2abf85592a1c4bc231108534dd849c59e743b3a81d36cffa8f3fae,text2qti_choice_e5f13533976df357cedf6e1133915fac24c5c880e8cdde06830f6aa0a21782c1</fieldentry>
            </qtimetadatafield>
            <qtimetadatafield>
              <fieldlabel>assessment_question_identifierref</fieldlabel>
              <fieldentry>text2qti_question_ref_1d105cda60d100b9ef5ee25878483ebad8d3c8946ad80d594ab3f393892c2644</fieldentry>
            </qtimetadatafield>
          </qtimetadata>
        </itemmetadata>
        <presentation>
          <material>
            <mattext texttype="text/html">&lt;p&gt;Selecciona la opción correcta. El goniómetro se usa principalmente para:&lt;/p&gt;</mattext>
          </material>
          <response_lid ident="response1" rcardinality="Single">
            <render_choice>
              <response_label ident="text2qti_choice_15fdb227944c461068a2d8cac7b400236d9562b3a1132ff5fa49db234d9577db">
                <material>
                  <mattext texttype="text/html">&lt;p&gt;Verificar perpendicularidad&lt;/p&gt;</mattext>
                </material>
              </response_label>
              <response_label ident="text2qti_choice_a3d9c0e9d648c190ea87e5758e6128f4a7bc17b663d9e481f9035e819c2f389f">
                <material>
                  <mattext texttype="text/html">&lt;p&gt;Medir distancias lineales&lt;/p&gt;</mattext>
                </material>
              </response_label>
              <response_label ident="text2qti_choice_8515ab5faf2abf85592a1c4bc231108534dd849c59e743b3a81d36cffa8f3fae">
                <material>
                  <mattext texttype="text/html">&lt;p&gt;Medir o trazar ángulos&lt;/p&gt;</mattext>
                </material>
              </response_label>
              <response_label ident="text2qti_choice_e5f13533976df357cedf6e1133915fac24c5c880e8cdde06830f6aa0a21782c1">
                <material>
                  <mattext texttype="text/html">&lt;p&gt;Verificar planitud&lt;/p&gt;</mattext>
                </material>
              </response_label>
            </render_choice>
          </response_lid>
        </presentation>
        <resprocessing>
          <outcomes>
            <decvar maxvalue="100" minvalue="0" varname="SCORE" vartype="Decimal"/>
          </outcomes>
          <respcondition continue="No">
            <conditionvar>
              <varequal respident="response1">text2qti_choice_8515ab5faf2abf85592a1c4bc231108534dd849c59e743b3a81d36cffa8f3fae</varequal>
            </conditionvar>
            <setvar action="Set" varname="SCORE">100</setvar>
          </respcondition>
        </resprocessing>
      </item>
      <item ident="text2qti_question_febdfcc125b799baf08a50e3075fe230c069bd49c96b161289413b7582959e3e" title="Question">
        <itemmetadata>
          <qtimetadata>
            <qtimetadatafield>
              <fieldlabel>question_type</fieldlabel>
              <fieldentry>multiple_answers_question</fieldentry>
            </qtimetadatafield>
            <qtimetadatafield>
              <fieldlabel>points_possible</fieldlabel>
              <fieldentry>1</fieldentry>
            </qtimetadatafield>
            <qtimetadatafield>
              <fieldlabel>original_answer_ids</fieldlabel>
              <fieldentry>text2qti_choice_b86aa5419311bccab2e6cfec7ed7b69e8160c70ad99a5f2eb0993a6dac3ebc10,text2qti_choice_cb25fb54953d4caaeb90512209a4f9b48fdcecafd31cdf045eed714154dccbb6,text2qti_choice_9e25d205299196c0deeb3144ab182590fd09e91decf0c51bf269c210ab2edfd9,text2qti_choice_f16e9fed0e7ec00d21927b75f483823178a9fa5e050c2d5925950e8d01688cb0,text2qti_choice_84711c56689d6c29f2ce26968ec658519ce3ed8ed53333afdf1140f1eb4cae3f</fieldentry>
            </qtimetadatafield>
            <qtimetadatafield>
              <fieldlabel>assessment_question_identifierref</fieldlabel>
              <fieldentry>text2qti_question_ref_febdfcc125b799baf08a50e3075fe230c069bd49c96b161289413b7582959e3e</fieldentry>
            </qtimetadatafield>
          </qtimetadata>
        </itemmetadata>
        <presentation>
          <material>
            <mattext texttype="text/html">&lt;p&gt;Elige todas las opciones correctas. El goniómetro permite:&lt;/p&gt;</mattext>
          </material>
          <response_lid ident="response1" rcardinality="Multiple">
            <render_choice>
              <response_label ident="text2qti_choice_b86aa5419311bccab2e6cfec7ed7b69e8160c70ad99a5f2eb0993a6dac3ebc10">
                <material>
                  <mattext texttype="text/html">&lt;p&gt;Medir ángulos de soldadura&lt;/p&gt;</mattext>
                </material>
              </response_label>
              <response_label ident="text2qti_choice_cb25fb54953d4caaeb90512209a4f9b48fdcecafd31cdf045eed714154dccbb6">
                <material>
                  <mattext texttype="text/html">&lt;p&gt;Trazar biseles&lt;/p&gt;</mattext>
                </material>
              </response_label>
              <response_label ident="text2qti_choice_9e25d205299196c0deeb3144ab182590fd09e91decf0c51bf269c210ab2edfd9">
                <material>
                  <mattext texttype="text/html">&lt;p&gt;Comprobar curvaturas&lt;/p&gt;</mattext>
                </material>
              </response_label>
              <response_label ident="text2qti_choice_f16e9fed0e7ec00d21927b75f483823178a9fa5e050c2d5925950e8d01688cb0">
                <material>
                  <mattext texttype="text/html">&lt;p&gt;Verificar rugosidad&lt;/p&gt;</mattext>
                </material>
              </response_label>
              <response_label ident="text2qti_choice_84711c56689d6c29f2ce26968ec658519ce3ed8ed53333afdf1140f1eb4cae3f">
                <material>
                  <mattext texttype="text/html">&lt;p&gt;Medir longitudes&lt;/p&gt;</mattext>
                </material>
              </response_label>
            </render_choice>
          </response_lid>
        </presentation>
        <resprocessing>
          <outcomes>
            <decvar maxvalue="100" minvalue="0" varname="SCORE" vartype="Decimal"/>
          </outcomes>
          <respcondition continue="No">
            <conditionvar>
              <and>
                <varequal respident="response1">text2qti_choice_b86aa5419311bccab2e6cfec7ed7b69e8160c70ad99a5f2eb0993a6dac3ebc10</varequal>
                <varequal respident="response1">text2qti_choice_cb25fb54953d4caaeb90512209a4f9b48fdcecafd31cdf045eed714154dccbb6</varequal>
                <not>
                  <varequal respident="response1">text2qti_choice_9e25d205299196c0deeb3144ab182590fd09e91decf0c51bf269c210ab2edfd9</varequal>
                </not>
                <not>
                  <varequal respident="response1">text2qti_choice_f16e9fed0e7ec00d21927b75f483823178a9fa5e050c2d5925950e8d01688cb0</varequal>
                </not>
                <not>
                  <varequal respident="response1">text2qti_choice_84711c56689d6c29f2ce26968ec658519ce3ed8ed53333afdf1140f1eb4cae3f</varequal>
                </not>
              </and>
            </conditionvar>
            <setvar action="Set" varname="SCORE">100</setvar>
          </respcondition>
        </resprocessing>
      </item>
      <item ident="text2qti_question_feb6f225dcdfac9c21b39af7b4dbf457c5db0a4b06d59037cc9a191e1e282759" title="Question">
        <itemmetadata>
          <qtimetadata>
            <qtimetadatafield>
              <fieldlabel>question_type</fieldlabel>
              <fieldentry>short_answer_question</fieldentry>
            </qtimetadatafield>
            <qtimetadatafield>
              <fieldlabel>points_possible</fieldlabel>
              <fieldentry>1</fieldentry>
            </qtimetadatafield>
            <qtimetadatafield>
              <fieldlabel>original_answer_ids</fieldlabel>
              <fieldentry>text2qti_choice_04c8d8e9283c276e80488f13555d6847cb7a6839593792a0a4c2e259ef3c153e,text2qti_choice_a49f69f93c9dab06f83b634bbddf4ee369b899f998fe788d8f63af0e50257a1d</fieldentry>
            </qtimetadatafield>
            <qtimetadatafield>
              <fieldlabel>assessment_question_identifierref</fieldlabel>
              <fieldentry>text2qti_question_ref_feb6f225dcdfac9c21b39af7b4dbf457c5db0a4b06d59037cc9a191e1e282759</fieldentry>
            </qtimetadatafield>
          </qtimetadata>
        </itemmetadata>
        <presentation>
          <material>
            <mattext texttype="text/html">&lt;p&gt;¿Cuál palabra debes sacar para que la frase sea correcta? El goniómetro se usa solamente para trazar ángulos.&lt;/p&gt;</mattext>
          </material>
          <response_str ident="response1" rcardinality="Single">
            <render_fib>
              <response_label ident="answer1" rshuffle="No"/>
            </render_fib>
          </response_str>
        </presentation>
        <resprocessing>
          <outcomes>
            <decvar maxvalue="100" minvalue="0" varname="SCORE" vartype="Decimal"/>
          </outcomes>
          <respcondition continue="No">
            <conditionvar>
              <varequal respident="response1">solamente</varequal>
              <varequal respident="response1">Solamente</varequal>
            </conditionvar>
            <setvar action="Set" varname="SCORE">100</setvar>
          </respcondition>
        </resprocessing>
      </item>
      <item ident="text2qti_question_4761cedef44e3fc1afcc48b123a33f50a5793c0d2e2cbdc2c513705f7dc4271a" title="Question">
        <itemmetadata>
          <qtimetadata>
            <qtimetadatafield>
              <fieldlabel>question_type</fieldlabel>
              <fieldentry>multiple_choice_question</fieldentry>
            </qtimetadatafield>
            <qtimetadatafield>
              <fieldlabel>points_possible</fieldlabel>
              <fieldentry>1</fieldentry>
            </qtimetadatafield>
            <qtimetadatafield>
              <fieldlabel>original_answer_ids</fieldlabel>
              <fieldentry>text2qti_choice_31ce53d28603c47e0f86f7a0e34a83924dc1830c845698ca85b4b92c5754bc88,text2qti_choice_491759b9dbb3d2f331056b69ab73091e896f3c5a5d7d9966194334390f321931,text2qti_choice_92d4914d9fb25cb854a3bac249e5145b64ed684269987afe8b49e382c5b0b3ae,text2qti_choice_8003ccc99d4f902ea29c6469f963b06c0414b0820085514677ad851944348b85</fieldentry>
            </qtimetadatafield>
            <qtimetadatafield>
              <fieldlabel>assessment_question_identifierref</fieldlabel>
              <fieldentry>text2qti_question_ref_4761cedef44e3fc1afcc48b123a33f50a5793c0d2e2cbdc2c513705f7dc4271a</fieldentry>
            </qtimetadatafield>
          </qtimetadata>
        </itemmetadata>
        <presentation>
          <material>
            <mattext texttype="text/html">&lt;p&gt;¿Para qué sirve el nonio que tienen algunos goniómetros?&lt;/p&gt;</mattext>
          </material>
          <response_lid ident="response1" rcardinality="Single">
            <render_choice>
              <response_label ident="text2qti_choice_31ce53d28603c47e0f86f7a0e34a83924dc1830c845698ca85b4b92c5754bc88">
                <material>
                  <mattext texttype="text/html">&lt;p&gt;Para medir longitudes&lt;/p&gt;</mattext>
                </material>
              </response_label>
              <response_label ident="text2qti_choice_491759b9dbb3d2f331056b69ab73091e896f3c5a5d7d9966194334390f321931">
                <material>
                  <mattext texttype="text/html">&lt;p&gt;Para trazar líneas más largas&lt;/p&gt;</mattext>
                </material>
              </response_label>
              <response_label ident="text2qti_choice_92d4914d9fb25cb854a3bac249e5145b64ed684269987afe8b49e382c5b0b3ae">
                <material>
                  <mattext texttype="text/html">&lt;p&gt;Para medir ángulos más grandes&lt;/p&gt;</mattext>
                </material>
              </response_label>
              <response_label ident="text2qti_choice_8003ccc99d4f902ea29c6469f963b06c0414b0820085514677ad851944348b85">
                <material>
                  <mattext texttype="text/html">&lt;p&gt;Para medir con más precición los ángulos&lt;/p&gt;</mattext>
                </material>
              </response_label>
            </render_choice>
          </response_lid>
        </presentation>
        <resprocessing>
          <outcomes>
            <decvar maxvalue="100" minvalue="0" varname="SCORE" vartype="Decimal"/>
          </outcomes>
          <respcondition continue="No">
            <conditionvar>
              <varequal respident="response1">text2qti_choice_8003ccc99d4f902ea29c6469f963b06c0414b0820085514677ad851944348b85</varequal>
            </conditionvar>
            <setvar action="Set" varname="SCORE">100</setvar>
          </respcondition>
        </resprocessing>
      </item>
      <item ident="text2qti_question_fe445fd3ddc56481c170648f56db0739b25f5ef44c0160915780dbabcae2f716" title="Question">
        <itemmetadata>
          <qtimetadata>
            <qtimetadatafield>
              <fieldlabel>question_type</fieldlabel>
              <fieldentry>multiple_choice_question</fieldentry>
            </qtimetadatafield>
            <qtimetadatafield>
              <fieldlabel>points_possible</fieldlabel>
              <fieldentry>1</fieldentry>
            </qtimetadatafield>
            <qtimetadatafield>
              <fieldlabel>original_answer_ids</fieldlabel>
              <fieldentry>text2qti_choice_55edfdf7358bff27ef173279c95fc4bd5f389d0f76820c249d8cd7b7182d7900,text2qti_choice_84f1980388af77a2bff3c446169d5e8aa25e020cdb220f83ea6f2a5491eec341,text2qti_choice_f6db8cfa0e1205adb1a271e0a887894554ff1d295307388ec069917b4ae63f42</fieldentry>
            </qtimetadatafield>
            <qtimetadatafield>
              <fieldlabel>assessment_question_identifierref</fieldlabel>
              <fieldentry>text2qti_question_ref_fe445fd3ddc56481c170648f56db0739b25f5ef44c0160915780dbabcae2f716</fieldentry>
            </qtimetadatafield>
          </qtimetadata>
        </itemmetadata>
        <presentation>
          <material>
            <mattext texttype="text/html">&lt;p&gt;Choose the correct option. What should you do after using a goniometer?&lt;/p&gt;</mattext>
          </material>
          <response_lid ident="response1" rcardinality="Single">
            <render_choice>
              <response_label ident="text2qti_choice_55edfdf7358bff27ef173279c95fc4bd5f389d0f76820c249d8cd7b7182d7900">
                <material>
                  <mattext texttype="text/html">&lt;p&gt;Leave it on the bench&lt;/p&gt;</mattext>
                </material>
              </response_label>
              <response_label ident="text2qti_choice_84f1980388af77a2bff3c446169d5e8aa25e020cdb220f83ea6f2a5491eec341">
                <material>
                  <mattext texttype="text/html">&lt;p&gt;Wash it with water&lt;/p&gt;</mattext>
                </material>
              </response_label>
              <response_label ident="text2qti_choice_f6db8cfa0e1205adb1a271e0a887894554ff1d295307388ec069917b4ae63f42">
                <material>
                  <mattext texttype="text/html">&lt;p&gt;Clean it to avoid rust&lt;/p&gt;</mattext>
                </material>
              </response_label>
            </render_choice>
          </response_lid>
        </presentation>
        <resprocessing>
          <outcomes>
            <decvar maxvalue="100" minvalue="0" varname="SCORE" vartype="Decimal"/>
          </outcomes>
          <respcondition continue="No">
            <conditionvar>
              <varequal respident="response1">text2qti_choice_f6db8cfa0e1205adb1a271e0a887894554ff1d295307388ec069917b4ae63f42</varequal>
            </conditionvar>
            <setvar action="Set" varname="SCORE">100</setvar>
          </respcondition>
        </resprocessing>
      </item>
      <item ident="text2qti_question_943afa09c25dd8f8eb6dbc4f36cecd6bf12557c08722a4e6545c11930a795285" title="Question">
        <itemmetadata>
          <qtimetadata>
            <qtimetadatafield>
              <fieldlabel>question_type</fieldlabel>
              <fieldentry>multiple_choice_question</fieldentry>
            </qtimetadatafield>
            <qtimetadatafield>
              <fieldlabel>points_possible</fieldlabel>
              <fieldentry>1</fieldentry>
            </qtimetadatafield>
            <qtimetadatafield>
              <fieldlabel>original_answer_ids</fieldlabel>
              <fieldentry>text2qti_choice_1a28de0d8aa08e8cac8164a25ffd8252f9d7994420313941185eab753a76cb6f,text2qti_choice_f3b95628f09f56137fe436b46dc8a21a109a01ab1454bb99288dac55bf9494eb,text2qti_choice_5ead59ca0be05ef10f1d7d96b021729be240622f062947e076775797d6de347f</fieldentry>
            </qtimetadatafield>
            <qtimetadatafield>
              <fieldlabel>assessment_question_identifierref</fieldlabel>
              <fieldentry>text2qti_question_ref_943afa09c25dd8f8eb6dbc4f36cecd6bf12557c08722a4e6545c11930a795285</fieldentry>
            </qtimetadatafield>
          </qtimetadata>
        </itemmetadata>
        <presentation>
          <material>
            <mattext texttype="text/html">&lt;p&gt;Choose the correct answer. A speed square is useful for:&lt;/p&gt;</mattext>
          </material>
          <response_lid ident="response1" rcardinality="Single">
            <render_choice>
              <response_label ident="text2qti_choice_1a28de0d8aa08e8cac8164a25ffd8252f9d7994420313941185eab753a76cb6f">
                <material>
                  <mattext texttype="text/html">&lt;p&gt;Quick marking&lt;/p&gt;</mattext>
                </material>
              </response_label>
              <response_label ident="text2qti_choice_f3b95628f09f56137fe436b46dc8a21a109a01ab1454bb99288dac55bf9494eb">
                <material>
                  <mattext texttype="text/html">&lt;p&gt;Measuring deep holes&lt;/p&gt;</mattext>
                </material>
              </response_label>
              <response_label ident="text2qti_choice_5ead59ca0be05ef10f1d7d96b021729be240622f062947e076775797d6de347f">
                <material>
                  <mattext texttype="text/html">&lt;p&gt;Checking flatness with high precision&lt;/p&gt;</mattext>
                </material>
              </response_label>
            </render_choice>
          </response_lid>
        </presentation>
        <resprocessing>
          <outcomes>
            <decvar maxvalue="100" minvalue="0" varname="SCORE" vartype="Decimal"/>
          </outcomes>
          <respcondition continue="No">
            <conditionvar>
              <varequal respident="response1">text2qti_choice_1a28de0d8aa08e8cac8164a25ffd8252f9d7994420313941185eab753a76cb6f</varequal>
            </conditionvar>
            <setvar action="Set" varname="SCORE">100</setvar>
          </respcondition>
        </resprocessing>
      </item>
      <item ident="text2qti_question_387fa03444dfaa1580b5cf0664e492079ab16b33549f46601092f7570c3b8273" title="Question">
        <itemmetadata>
          <qtimetadata>
            <qtimetadatafield>
              <fieldlabel>question_type</fieldlabel>
              <fieldentry>multiple_choice_question</fieldentry>
            </qtimetadatafield>
            <qtimetadatafield>
              <fieldlabel>points_possible</fieldlabel>
              <fieldentry>1</fieldentry>
            </qtimetadatafield>
            <qtimetadatafield>
              <fieldlabel>original_answer_ids</fieldlabel>
              <fieldentry>text2qti_choice_ee13acb45f78a656142189a5004f237461e90da9c89f567fa9b39ab99a92234f,text2qti_choice_c7480b96985686f1d80380c4a2a4846349fcfe69e61411f6d81b1cc88d3733d2,text2qti_choice_74a92a603d6b9a9c93a62fbdff2626abf16b0f54140405a7cc28e77d204729f0</fieldentry>
            </qtimetadatafield>
            <qtimetadatafield>
              <fieldlabel>assessment_question_identifierref</fieldlabel>
              <fieldentry>text2qti_question_ref_387fa03444dfaa1580b5cf0664e492079ab16b33549f46601092f7570c3b8273</fieldentry>
            </qtimetadatafield>
          </qtimetadata>
        </itemmetadata>
        <presentation>
          <material>
            <mattext texttype="text/html">&lt;p&gt;Choose the correct option. What does it mean if light passes between a surface and a fixed square?&lt;/p&gt;</mattext>
          </material>
          <response_lid ident="response1" rcardinality="Single">
            <render_choice>
              <response_label ident="text2qti_choice_ee13acb45f78a656142189a5004f237461e90da9c89f567fa9b39ab99a92234f">
                <material>
                  <mattext texttype="text/html">&lt;p&gt;The surface is flat&lt;/p&gt;</mattext>
                </material>
              </response_label>
              <response_label ident="text2qti_choice_c7480b96985686f1d80380c4a2a4846349fcfe69e61411f6d81b1cc88d3733d2">
                <material>
                  <mattext texttype="text/html">&lt;p&gt;The surface is not flat&lt;/p&gt;</mattext>
                </material>
              </response_label>
              <response_label ident="text2qti_choice_74a92a603d6b9a9c93a62fbdff2626abf16b0f54140405a7cc28e77d204729f0">
                <material>
                  <mattext texttype="text/html">&lt;p&gt;The surface is big&lt;/p&gt;</mattext>
                </material>
              </response_label>
            </render_choice>
          </response_lid>
        </presentation>
        <resprocessing>
          <outcomes>
            <decvar maxvalue="100" minvalue="0" varname="SCORE" vartype="Decimal"/>
          </outcomes>
          <respcondition continue="No">
            <conditionvar>
              <varequal respident="response1">text2qti_choice_c7480b96985686f1d80380c4a2a4846349fcfe69e61411f6d81b1cc88d3733d2</varequal>
            </conditionvar>
            <setvar action="Set" varname="SCORE">100</setvar>
          </respcondition>
        </resprocessing>
      </item>
      <item ident="text2qti_question_7304e776544e567bb03fefa108ace9f9fb4d8fa39509ed37749595ab68e3e6b2" title="Question">
        <itemmetadata>
          <qtimetadata>
            <qtimetadatafield>
              <fieldlabel>question_type</fieldlabel>
              <fieldentry>multiple_choice_question</fieldentry>
            </qtimetadatafield>
            <qtimetadatafield>
              <fieldlabel>points_possible</fieldlabel>
              <fieldentry>1</fieldentry>
            </qtimetadatafield>
            <qtimetadatafield>
              <fieldlabel>original_answer_ids</fieldlabel>
              <fieldentry>text2qti_choice_e2e2773164fd27c3bc10d76ecb8e7f452838a1bd28082277b60a43020fdd098b,text2qti_choice_03ff4b6f5d2d00d22769cab85ee55915f428ee6eadfa1f4e1fa1eda92f68873a,text2qti_choice_bb9f473bb2243918acadfdb37e78fedd3a3aece23236cac00decf8cc4e77650b</fieldentry>
            </qtimetadatafield>
            <qtimetadatafield>
              <fieldlabel>assessment_question_identifierref</fieldlabel>
              <fieldentry>text2qti_question_ref_7304e776544e567bb03fefa108ace9f9fb4d8fa39509ed37749595ab68e3e6b2</fieldentry>
            </qtimetadatafield>
          </qtimetadata>
        </itemmetadata>
        <presentation>
          <material>
            <mattext texttype="text/html">&lt;p&gt;Choose the correct answer. Steel rulers can be graduated in:&lt;/p&gt;</mattext>
          </material>
          <response_lid ident="response1" rcardinality="Single">
            <render_choice>
              <response_label ident="text2qti_choice_e2e2773164fd27c3bc10d76ecb8e7f452838a1bd28082277b60a43020fdd098b">
                <material>
                  <mattext texttype="text/html">&lt;p&gt;Millimeters&lt;/p&gt;</mattext>
                </material>
              </response_label>
              <response_label ident="text2qti_choice_03ff4b6f5d2d00d22769cab85ee55915f428ee6eadfa1f4e1fa1eda92f68873a">
                <material>
                  <mattext texttype="text/html">&lt;p&gt;Degrees&lt;/p&gt;</mattext>
                </material>
              </response_label>
              <response_label ident="text2qti_choice_bb9f473bb2243918acadfdb37e78fedd3a3aece23236cac00decf8cc4e77650b">
                <material>
                  <mattext texttype="text/html">&lt;p&gt;Radians&lt;/p&gt;</mattext>
                </material>
              </response_label>
            </render_choice>
          </response_lid>
        </presentation>
        <resprocessing>
          <outcomes>
            <decvar maxvalue="100" minvalue="0" varname="SCORE" vartype="Decimal"/>
          </outcomes>
          <respcondition continue="No">
            <conditionvar>
              <varequal respident="response1">text2qti_choice_e2e2773164fd27c3bc10d76ecb8e7f452838a1bd28082277b60a43020fdd098b</varequal>
            </conditionvar>
            <setvar action="Set" varname="SCORE">100</setvar>
          </respcondition>
        </resprocessing>
      </item>
      <item ident="text2qti_question_017117ecdec0e6b70fb7cbe04f323e85c9fd946b141ecd81f267e84866637bbf" title="Question">
        <itemmetadata>
          <qtimetadata>
            <qtimetadatafield>
              <fieldlabel>question_type</fieldlabel>
              <fieldentry>multiple_choice_question</fieldentry>
            </qtimetadatafield>
            <qtimetadatafield>
              <fieldlabel>points_possible</fieldlabel>
              <fieldentry>1</fieldentry>
            </qtimetadatafield>
            <qtimetadatafield>
              <fieldlabel>original_answer_ids</fieldlabel>
              <fieldentry>text2qti_choice_b6d18782af0ef378c09d853b724a464c0551bba4b5e718a15779c1b7295334b7,text2qti_choice_88fbb75886b7c9bb053ad63473df8e7b50fe5782b1b9be8d64ec837490c6ed1e,text2qti_choice_9e9e8686679887aa4f5521b2f32ca95e9458c1663fcba4f5d45ad6975b774b22</fieldentry>
            </qtimetadatafield>
            <qtimetadatafield>
              <fieldlabel>assessment_question_identifierref</fieldlabel>
              <fieldentry>text2qti_question_ref_017117ecdec0e6b70fb7cbe04f323e85c9fd946b141ecd81f267e84866637bbf</fieldentry>
            </qtimetadatafield>
          </qtimetadata>
        </itemmetadata>
        <presentation>
          <material>
            <mattext texttype="text/html">&lt;p&gt;Choose the correct option. What is a common mistake when using a goniometer?&lt;/p&gt;</mattext>
          </material>
          <response_lid ident="response1" rcardinality="Single">
            <render_choice>
              <response_label ident="text2qti_choice_b6d18782af0ef378c09d853b724a464c0551bba4b5e718a15779c1b7295334b7">
                <material>
                  <mattext texttype="text/html">&lt;p&gt;Reading the angle from the wrong direction&lt;/p&gt;</mattext>
                </material>
              </response_label>
              <response_label ident="text2qti_choice_88fbb75886b7c9bb053ad63473df8e7b50fe5782b1b9be8d64ec837490c6ed1e">
                <material>
                  <mattext texttype="text/html">&lt;p&gt;Using it on wood&lt;/p&gt;</mattext>
                </material>
              </response_label>
              <response_label ident="text2qti_choice_9e9e8686679887aa4f5521b2f32ca95e9458c1663fcba4f5d45ad6975b774b22">
                <material>
                  <mattext texttype="text/html">&lt;p&gt;Applying too much force&lt;/p&gt;</mattext>
                </material>
              </response_label>
            </render_choice>
          </response_lid>
        </presentation>
        <resprocessing>
          <outcomes>
            <decvar maxvalue="100" minvalue="0" varname="SCORE" vartype="Decimal"/>
          </outcomes>
          <respcondition continue="No">
            <conditionvar>
              <varequal respident="response1">text2qti_choice_b6d18782af0ef378c09d853b724a464c0551bba4b5e718a15779c1b7295334b7</varequal>
            </conditionvar>
            <setvar action="Set" varname="SCORE">100</setvar>
          </respcondition>
        </resprocessing>
      </item>
    </section>
    </section>
  </assessment>
</questestinterop>
