<?xml version="1.0" encoding="UTF-8"?>
<manifest identifier="text2qti_manifest_a724efbd49941bdd5554beda1e5a085fb551fcb241de73f74b1b220d6b8d5df0" xmlns="http://www.imsglobal.org/xsd/imsccv1p1/imscp_v1p1" xmlns:lom="http://ltsc.ieee.org/xsd/imsccv1p1/LOM/resource" xmlns:imsmd="http://www.imsglobal.org/xsd/imsmd_v1p2" xmlns:xsi="http://www.w3.org/2001/XMLSchema-instance" xsi:schemaLocation="http://www.imsglobal.org/xsd/imsccv1p1/imscp_v1p1 http://www.imsglobal.org/xsd/imscp_v1p1.xsd http://ltsc.ieee.org/xsd/imsccv1p1/LOM/resource http://www.imsglobal.org/profile/cc/ccv1p1/LOM/ccv1p1_lomresource_v1p0.xsd http://www.imsglobal.org/xsd/imsmd_v1p2 http://www.imsglobal.org/xsd/imsmd_v1p2p2.xsd">
  <metadata>
    <schema>IMS Content</schema>
    <schemaversion>1.1.3</schemaversion>
    <imsmd:lom>
      <imsmd:general>
        <imsmd:title>
          <imsmd:string>QTI assessment generated by text2qti</imsmd:string>
        </imsmd:title>
      </imsmd:general>
      <imsmd:lifeCycle>
        <imsmd:contribute>
          <imsmd:date>
            <imsmd:dateTime>2025-09-13</imsmd:dateTime>
          </imsmd:date>
        </imsmd:contribute>
      </imsmd:lifeCycle>
      <imsmd:rights>
        <imsmd:copyrightAndOtherRestrictions>
          <imsmd:value>yes</imsmd:value>
        </imsmd:copyrightAndOtherRestrictions>
        <imsmd:description>
          <imsmd:string>Private (Copyrighted) - http://en.wikipedia.org/wiki/Copyright</imsmd:string>
        </imsmd:description>
      </imsmd:rights>
    </imsmd:lom>
  </metadata>
  <organizations/>
  <resources>
    <resource identifier="text2qti_assessment_a724efbd49941bdd5554beda1e5a085fb551fcb241de73f74b1b220d6b8d5df0" type="imsqti_xmlv1p2">
      <file href="text2qti_assessment_a724efbd49941bdd5554beda1e5a085fb551fcb241de73f74b1b220d6b8d5df0/text2qti_assessment_a724efbd49941bdd5554beda1e5a085fb551fcb241de73f74b1b220d6b8d5df0.xml"/>
      <dependency identifierref="text2qti_dependency_a724efbd49941bdd5554beda1e5a085fb551fcb241de73f74b1b220d6b8d5df0"/>
    </resource>
    <resource identifier="text2qti_dependency_a724efbd49941bdd5554beda1e5a085fb551fcb241de73f74b1b220d6b8d5df0" type="associatedcontent/imscc_xmlv1p1/learning-application-resource" href="text2qti_assessment_a724efbd49941bdd5554beda1e5a085fb551fcb241de73f74b1b220d6b8d5df0/assessment_meta.xml">
      <file href="text2qti_assessment_a724efbd49941bdd5554beda1e5a085fb551fcb241de73f74b1b220d6b8d5df0/assessment_meta.xml"/>
    </resource>
    <resource identifier="text2qti_image_13df23be87e5e516909031b14dde83b09c6cf276788aa258e5072fe4fb63d50d" type="webcontent" href="images/workshop_messy_400px__depositophotos.jpg">
      <file href="images/workshop_messy_400px__depositophotos.jpg"/>
    </resource>
    <resource identifier="text2qti_image_a5f84a7d054d4d2c780db3fc4a9d3808844e60fa785dccbddc20f36372fc2f82" type="webcontent" href="images/benchgrinder_05_200px.jpg">
      <file href="images/benchgrinder_05_200px.jpg"/>
    </resource>
    <resource identifier="text2qti_image_e40446fde394088521559f2491131572dcef37665e884c574fb2758c530ce682" type="webcontent" href="images/benchdrill_01_250px.jpg">
      <file href="images/benchdrill_01_250px.jpg"/>
    </resource>
    <resource identifier="text2qti_image_e2f0c6b6c14f1eba4ad0c15cd381130f1506cfd04affa01e485529ff3b5c2598" type="webcontent" href="images/drilling_screwing_01_300px__pixabay__sin%20atrib.jpg">
      <file href="images/drilling_screwing_01_300px__pixabay__sin%20atrib.jpg"/>
    </resource>
    <resource identifier="text2qti_image_abb8dbd10da3457989130fffc3cae0934878235db459b33aa5230fde96abff29" type="webcontent" href="images/anglegrinder_03_400px__pixabay__gratis%20sin%20atribuci%C3%B3n.jpg">
      <file href="images/anglegrinder_03_400px__pixabay__gratis%20sin%20atribuci%C3%B3n.jpg"/>
    </resource>
    <resource identifier="text2qti_image_45dd96c2cf33ff71d1aa7b56bb6c3f23c92595dfce4d55d7a3980f9d7d10595d" type="webcontent" href="images/lathe_part_400px.jpg">
      <file href="images/lathe_part_400px.jpg"/>
    </resource>
    <resource identifier="text2qti_image_adbb3b1d9f2bbe71e1c30ad7b4608559c6821cf2a5b61fa50c99264e324e7eaa" type="webcontent" href="images/welding_gas.jpg">
      <file href="images/welding_gas.jpg"/>
    </resource>
    <resource identifier="text2qti_image_a5369c716f5efca8340700b1ca6f0ab1219b4c345a2be8d23c237712ec2eba45" type="webcontent" href="images/welding_electric.jpg">
      <file href="images/welding_electric.jpg"/>
    </resource>
    <resource identifier="text2qti_image_b1ec167fc122dd792bad75241880b40ac068e81ea243c29dcc05b2059da98e44" type="webcontent" href="images/press.jpg">
      <file href="images/press.jpg"/>
    </resource>
  </resources>
</manifest>
