<?xml version="1.0" encoding="UTF-8"?>
<manifest identifier="text2qti_manifest_762951a96421d8127c1df9868bdc8d6550bdcce8ea92db45e9f3f49635911f75" xmlns="http://www.imsglobal.org/xsd/imsccv1p1/imscp_v1p1" xmlns:lom="http://ltsc.ieee.org/xsd/imsccv1p1/LOM/resource" xmlns:imsmd="http://www.imsglobal.org/xsd/imsmd_v1p2" xmlns:xsi="http://www.w3.org/2001/XMLSchema-instance" xsi:schemaLocation="http://www.imsglobal.org/xsd/imsccv1p1/imscp_v1p1 http://www.imsglobal.org/xsd/imscp_v1p1.xsd http://ltsc.ieee.org/xsd/imsccv1p1/LOM/resource http://www.imsglobal.org/profile/cc/ccv1p1/LOM/ccv1p1_lomresource_v1p0.xsd http://www.imsglobal.org/xsd/imsmd_v1p2 http://www.imsglobal.org/xsd/imsmd_v1p2p2.xsd">
  <metadata>
    <schema>IMS Content</schema>
    <schemaversion>1.1.3</schemaversion>
    <imsmd:lom>
      <imsmd:general>
        <imsmd:title>
          <imsmd:string>QTI assessment generated by text2qti</imsmd:string>
        </imsmd:title>
      </imsmd:general>
      <imsmd:lifeCycle>
        <imsmd:contribute>
          <imsmd:date>
            <imsmd:dateTime>2025-06-29</imsmd:dateTime>
          </imsmd:date>
        </imsmd:contribute>
      </imsmd:lifeCycle>
      <imsmd:rights>
        <imsmd:copyrightAndOtherRestrictions>
          <imsmd:value>yes</imsmd:value>
        </imsmd:copyrightAndOtherRestrictions>
        <imsmd:description>
          <imsmd:string>Private (Copyrighted) - http://en.wikipedia.org/wiki/Copyright</imsmd:string>
        </imsmd:description>
      </imsmd:rights>
    </imsmd:lom>
  </metadata>
  <organizations/>
  <resources>
    <resource identifier="text2qti_assessment_762951a96421d8127c1df9868bdc8d6550bdcce8ea92db45e9f3f49635911f75" type="imsqti_xmlv1p2">
      <file href="text2qti_assessment_762951a96421d8127c1df9868bdc8d6550bdcce8ea92db45e9f3f49635911f75/text2qti_assessment_762951a96421d8127c1df9868bdc8d6550bdcce8ea92db45e9f3f49635911f75.xml"/>
      <dependency identifierref="text2qti_dependency_762951a96421d8127c1df9868bdc8d6550bdcce8ea92db45e9f3f49635911f75"/>
    </resource>
    <resource identifier="text2qti_dependency_762951a96421d8127c1df9868bdc8d6550bdcce8ea92db45e9f3f49635911f75" type="associatedcontent/imscc_xmlv1p1/learning-application-resource" href="text2qti_assessment_762951a96421d8127c1df9868bdc8d6550bdcce8ea92db45e9f3f49635911f75/assessment_meta.xml">
      <file href="text2qti_assessment_762951a96421d8127c1df9868bdc8d6550bdcce8ea92db45e9f3f49635911f75/assessment_meta.xml"/>
    </resource>
    <resource identifier="text2qti_image_ad31ec992c8352615302640c9e04f522f618cc6708a14c310a9e78e178afd2e4" type="webcontent" href="images/caliper_test_01.png">
      <file href="images/caliper_test_01.png"/>
    </resource>
    <resource identifier="text2qti_image_f3c1f97481c705aa6e35127e8ee294356040b4963ff8bc9ddeac9246a5f4f45f" type="webcontent" href="images/caliper_test_02.png">
      <file href="images/caliper_test_02.png"/>
    </resource>
    <resource identifier="text2qti_image_e72ef62254dd213ea77d742687273082c4a0ca74716f09a919306383ece305f1" type="webcontent" href="images/caliper_test_03.png">
      <file href="images/caliper_test_03.png"/>
    </resource>
    <resource identifier="text2qti_image_be561292cbeb7778e8baa633b72d659fac0e03e5bb1fb216e2ef0e6db74dacbe" type="webcontent" href="images/caliper_test_04.png">
      <file href="images/caliper_test_04.png"/>
    </resource>
    <resource identifier="text2qti_image_823383ae513ba3c081ac0d059fe2d1b50c4fd85d5b70fd031ad5dc86c41846e0" type="webcontent" href="images/caliper_test_05.png">
      <file href="images/caliper_test_05.png"/>
    </resource>
    <resource identifier="text2qti_image_4aaa522cc6a52bf6735a98a73f47141abc78bd1fd088082c165fadf452490b9d" type="webcontent" href="images/caliper_test_06.png">
      <file href="images/caliper_test_06.png"/>
    </resource>
    <resource identifier="text2qti_image_c7d094bcfd2a6d431c5c804a1c92b449570787d4ad6ffabc72a660d362b8ece1" type="webcontent" href="images/caliper_test_16.png">
      <file href="images/caliper_test_16.png"/>
    </resource>
    <resource identifier="text2qti_image_5bb5c13812d2625e04896fcf1aa0114e67f1599853d1cbaac527751e08e1a1f9" type="webcontent" href="images/caliper_test_17.png">
      <file href="images/caliper_test_17.png"/>
    </resource>
    <resource identifier="text2qti_image_e425c2aefdcc27dd409a7d3f5a3997cdf49efb03b7ee2073719f82fd9c66a76e" type="webcontent" href="images/caliper_test_18.png">
      <file href="images/caliper_test_18.png"/>
    </resource>
  </resources>
</manifest>
