<?xml version="1.0" encoding="UTF-8"?>
<questestinterop xmlns="http://www.imsglobal.org/xsd/ims_qtiasiv1p2" xmlns:xsi="http://www.w3.org/2001/XMLSchema-instance" xsi:schemaLocation="http://www.imsglobal.org/xsd/ims_qtiasiv1p2 http://www.imsglobal.org/xsd/ims_qtiasiv1p2p1.xsd">
  <assessment ident="text2qti_assessment_762951a96421d8127c1df9868bdc8d6550bdcce8ea92db45e9f3f49635911f75" title="Ejercicio interactivo sobre calibre Vernier">
    <qtimetadata>
      <qtimetadatafield>
        <fieldlabel>cc_maxattempts</fieldlabel>
        <fieldentry>1</fieldentry>
      </qtimetadatafield>
    </qtimetadata>
    <section ident="root_section">
    <section ident="text2qti_group_98a75c3a508a3e38c4158f34e3c4ea189fa072b0e18bc535a6cff3491f774625" title="Group">
      <selection_ordering>
        <selection>
          <selection_number>1</selection_number>
          <selection_extension>
            <points_per_item>1</points_per_item>
          </selection_extension>
        </selection>
      </selection_ordering>
      <item ident="text2qti_question_1209da8357003c7a9299cf5e02deec5a626766f0d509c2db94c90a6b917964e7" title="Question">
        <itemmetadata>
          <qtimetadata>
            <qtimetadatafield>
              <fieldlabel>question_type</fieldlabel>
              <fieldentry>multiple_answers_question</fieldentry>
            </qtimetadatafield>
            <qtimetadatafield>
              <fieldlabel>points_possible</fieldlabel>
              <fieldentry>1</fieldentry>
            </qtimetadatafield>
            <qtimetadatafield>
              <fieldlabel>original_answer_ids</fieldlabel>
              <fieldentry>text2qti_choice_3d02470659c5a91d56e337b619e36e5afd96f610bb25f4d11c571356dd3024b3,text2qti_choice_40ea9b9e82332d0d53e7f4d42fb25eceb3d96b7039da8707a913b17ccef84fda,text2qti_choice_2c963fcdbd75c4c8edfa01c86fd63b48905382e41a15921a20cbe9ec2c8a89a5,text2qti_choice_511ebd7800907421f6b43a296040a91d267a65267a2c9d24d5215e9e22bd52e6</fieldentry>
            </qtimetadatafield>
            <qtimetadatafield>
              <fieldlabel>assessment_question_identifierref</fieldlabel>
              <fieldentry>text2qti_question_ref_1209da8357003c7a9299cf5e02deec5a626766f0d509c2db94c90a6b917964e7</fieldentry>
            </qtimetadatafield>
          </qtimetadata>
        </itemmetadata>
        <presentation>
          <material>
            <mattext texttype="text/html">&lt;p&gt;▪ Elige todas las opciones correctas. Un calibre Vernier puede medir:&lt;/p&gt;</mattext>
          </material>
          <response_lid ident="response1" rcardinality="Multiple">
            <render_choice>
              <response_label ident="text2qti_choice_3d02470659c5a91d56e337b619e36e5afd96f610bb25f4d11c571356dd3024b3">
                <material>
                  <mattext texttype="text/html">&lt;p&gt;Ángulos&lt;/p&gt;</mattext>
                </material>
              </response_label>
              <response_label ident="text2qti_choice_40ea9b9e82332d0d53e7f4d42fb25eceb3d96b7039da8707a913b17ccef84fda">
                <material>
                  <mattext texttype="text/html">&lt;p&gt;Diámetros exteriores&lt;/p&gt;</mattext>
                </material>
              </response_label>
              <response_label ident="text2qti_choice_2c963fcdbd75c4c8edfa01c86fd63b48905382e41a15921a20cbe9ec2c8a89a5">
                <material>
                  <mattext texttype="text/html">&lt;p&gt;Diámetros interiores&lt;/p&gt;</mattext>
                </material>
              </response_label>
              <response_label ident="text2qti_choice_511ebd7800907421f6b43a296040a91d267a65267a2c9d24d5215e9e22bd52e6">
                <material>
                  <mattext texttype="text/html">&lt;p&gt;Perpendicularidad&lt;/p&gt;</mattext>
                </material>
              </response_label>
            </render_choice>
          </response_lid>
        </presentation>
        <resprocessing>
          <outcomes>
            <decvar maxvalue="100" minvalue="0" varname="SCORE" vartype="Decimal"/>
          </outcomes>
          <respcondition continue="No">
            <conditionvar>
              <and>
                <not>
                  <varequal respident="response1">text2qti_choice_3d02470659c5a91d56e337b619e36e5afd96f610bb25f4d11c571356dd3024b3</varequal>
                </not>
                <varequal respident="response1">text2qti_choice_40ea9b9e82332d0d53e7f4d42fb25eceb3d96b7039da8707a913b17ccef84fda</varequal>
                <varequal respident="response1">text2qti_choice_2c963fcdbd75c4c8edfa01c86fd63b48905382e41a15921a20cbe9ec2c8a89a5</varequal>
                <not>
                  <varequal respident="response1">text2qti_choice_511ebd7800907421f6b43a296040a91d267a65267a2c9d24d5215e9e22bd52e6</varequal>
                </not>
              </and>
            </conditionvar>
            <setvar action="Set" varname="SCORE">100</setvar>
          </respcondition>
        </resprocessing>
      </item>
      <item ident="text2qti_question_e9de85b4e4fe9d7fbb6b67343979a31fecd43110a8bc79a7c8e8d1eb459b904c" title="Question">
        <itemmetadata>
          <qtimetadata>
            <qtimetadatafield>
              <fieldlabel>question_type</fieldlabel>
              <fieldentry>multiple_answers_question</fieldentry>
            </qtimetadatafield>
            <qtimetadatafield>
              <fieldlabel>points_possible</fieldlabel>
              <fieldentry>1</fieldentry>
            </qtimetadatafield>
            <qtimetadatafield>
              <fieldlabel>original_answer_ids</fieldlabel>
              <fieldentry>text2qti_choice_c59390099c6b44e104df70108c716189fc0b8265914ee359815a1b9951675976,text2qti_choice_2e0e97b5fb6c185fdaf0e57839a55ef70c9f31f3f5058f69c1ae6e1389a4fb4e,text2qti_choice_31dcc07adc9671a3943730aaab765bd03d35a5934da87de55e335507254348c0,text2qti_choice_5a4dc9d31d39cb03a4d4950c2cc5df17c67da24e091b43193c347d5a8bfb2f6f</fieldentry>
            </qtimetadatafield>
            <qtimetadatafield>
              <fieldlabel>assessment_question_identifierref</fieldlabel>
              <fieldentry>text2qti_question_ref_e9de85b4e4fe9d7fbb6b67343979a31fecd43110a8bc79a7c8e8d1eb459b904c</fieldentry>
            </qtimetadatafield>
          </qtimetadata>
        </itemmetadata>
        <presentation>
          <material>
            <mattext texttype="text/html">&lt;p&gt;‣ Elige todas las opciones correctas. Un calibre Vernier puede medir:&lt;/p&gt;</mattext>
          </material>
          <response_lid ident="response1" rcardinality="Multiple">
            <render_choice>
              <response_label ident="text2qti_choice_c59390099c6b44e104df70108c716189fc0b8265914ee359815a1b9951675976">
                <material>
                  <mattext texttype="text/html">&lt;p&gt;Profundidad de agujeros&lt;/p&gt;</mattext>
                </material>
              </response_label>
              <response_label ident="text2qti_choice_2e0e97b5fb6c185fdaf0e57839a55ef70c9f31f3f5058f69c1ae6e1389a4fb4e">
                <material>
                  <mattext texttype="text/html">&lt;p&gt;Ángulos&lt;/p&gt;</mattext>
                </material>
              </response_label>
              <response_label ident="text2qti_choice_31dcc07adc9671a3943730aaab765bd03d35a5934da87de55e335507254348c0">
                <material>
                  <mattext texttype="text/html">&lt;p&gt;La longitud de los lados de una chapa rectangular&lt;/p&gt;</mattext>
                </material>
              </response_label>
              <response_label ident="text2qti_choice_5a4dc9d31d39cb03a4d4950c2cc5df17c67da24e091b43193c347d5a8bfb2f6f">
                <material>
                  <mattext texttype="text/html">&lt;p&gt;La longitud circular de un caño&lt;/p&gt;</mattext>
                </material>
              </response_label>
            </render_choice>
          </response_lid>
        </presentation>
        <resprocessing>
          <outcomes>
            <decvar maxvalue="100" minvalue="0" varname="SCORE" vartype="Decimal"/>
          </outcomes>
          <respcondition continue="No">
            <conditionvar>
              <and>
                <varequal respident="response1">text2qti_choice_c59390099c6b44e104df70108c716189fc0b8265914ee359815a1b9951675976</varequal>
                <not>
                  <varequal respident="response1">text2qti_choice_2e0e97b5fb6c185fdaf0e57839a55ef70c9f31f3f5058f69c1ae6e1389a4fb4e</varequal>
                </not>
                <varequal respident="response1">text2qti_choice_31dcc07adc9671a3943730aaab765bd03d35a5934da87de55e335507254348c0</varequal>
                <not>
                  <varequal respident="response1">text2qti_choice_5a4dc9d31d39cb03a4d4950c2cc5df17c67da24e091b43193c347d5a8bfb2f6f</varequal>
                </not>
              </and>
            </conditionvar>
            <setvar action="Set" varname="SCORE">100</setvar>
          </respcondition>
        </resprocessing>
      </item>
      <item ident="text2qti_question_9da3a21ff74f609fe9539040ed4bcb8e48639748e02fd350d4f12cee23372bf9" title="Question">
        <itemmetadata>
          <qtimetadata>
            <qtimetadatafield>
              <fieldlabel>question_type</fieldlabel>
              <fieldentry>multiple_answers_question</fieldentry>
            </qtimetadatafield>
            <qtimetadatafield>
              <fieldlabel>points_possible</fieldlabel>
              <fieldentry>1</fieldentry>
            </qtimetadatafield>
            <qtimetadatafield>
              <fieldlabel>original_answer_ids</fieldlabel>
              <fieldentry>text2qti_choice_5653a7f3c88bec2e9233e7e677eb91905ae2cf1ecfb8205dd4e857c6b3f14a1b,text2qti_choice_23576b70046dbf43dc90fa8f369565930395d44eb3a23ce35491c0956e3b5395,text2qti_choice_03235f870d25ec31c983d099233e9260bc97896892c0864e552867cafdf955c8,text2qti_choice_2c079bbf8598d505871a2c1380e40004639cae550dac0395ad224bd060dca1c6</fieldentry>
            </qtimetadatafield>
            <qtimetadatafield>
              <fieldlabel>assessment_question_identifierref</fieldlabel>
              <fieldentry>text2qti_question_ref_9da3a21ff74f609fe9539040ed4bcb8e48639748e02fd350d4f12cee23372bf9</fieldentry>
            </qtimetadatafield>
          </qtimetadata>
        </itemmetadata>
        <presentation>
          <material>
            <mattext texttype="text/html">&lt;p&gt;⬩ Elige todas las opciones correctas. Un calibre Vernier puede medir:&lt;/p&gt;</mattext>
          </material>
          <response_lid ident="response1" rcardinality="Multiple">
            <render_choice>
              <response_label ident="text2qti_choice_5653a7f3c88bec2e9233e7e677eb91905ae2cf1ecfb8205dd4e857c6b3f14a1b">
                <material>
                  <mattext texttype="text/html">&lt;p&gt;Perpendicularidad&lt;/p&gt;</mattext>
                </material>
              </response_label>
              <response_label ident="text2qti_choice_23576b70046dbf43dc90fa8f369565930395d44eb3a23ce35491c0956e3b5395">
                <material>
                  <mattext texttype="text/html">&lt;p&gt;El espesor de una chapa&lt;/p&gt;</mattext>
                </material>
              </response_label>
              <response_label ident="text2qti_choice_03235f870d25ec31c983d099233e9260bc97896892c0864e552867cafdf955c8">
                <material>
                  <mattext texttype="text/html">&lt;p&gt;La altura de una puerta&lt;/p&gt;</mattext>
                </material>
              </response_label>
              <response_label ident="text2qti_choice_2c079bbf8598d505871a2c1380e40004639cae550dac0395ad224bd060dca1c6">
                <material>
                  <mattext texttype="text/html">&lt;p&gt;El diámtero interior de un caño&lt;/p&gt;</mattext>
                </material>
              </response_label>
            </render_choice>
          </response_lid>
        </presentation>
        <resprocessing>
          <outcomes>
            <decvar maxvalue="100" minvalue="0" varname="SCORE" vartype="Decimal"/>
          </outcomes>
          <respcondition continue="No">
            <conditionvar>
              <and>
                <not>
                  <varequal respident="response1">text2qti_choice_5653a7f3c88bec2e9233e7e677eb91905ae2cf1ecfb8205dd4e857c6b3f14a1b</varequal>
                </not>
                <varequal respident="response1">text2qti_choice_23576b70046dbf43dc90fa8f369565930395d44eb3a23ce35491c0956e3b5395</varequal>
                <not>
                  <varequal respident="response1">text2qti_choice_03235f870d25ec31c983d099233e9260bc97896892c0864e552867cafdf955c8</varequal>
                </not>
                <varequal respident="response1">text2qti_choice_2c079bbf8598d505871a2c1380e40004639cae550dac0395ad224bd060dca1c6</varequal>
              </and>
            </conditionvar>
            <setvar action="Set" varname="SCORE">100</setvar>
          </respcondition>
        </resprocessing>
      </item>
    </section>
    <section ident="text2qti_group_19d090559ee0c2956316963f7713d6327eced696bb0b01c9034f63c9e41d1436" title="Group">
      <selection_ordering>
        <selection>
          <selection_number>1</selection_number>
          <selection_extension>
            <points_per_item>1</points_per_item>
          </selection_extension>
        </selection>
      </selection_ordering>
      <item ident="text2qti_question_cc968546354ad0dbe9e150f3a7bb2d7f9010bd65fa5bd10523f6b03ba1090bd3" title="Question">
        <itemmetadata>
          <qtimetadata>
            <qtimetadatafield>
              <fieldlabel>question_type</fieldlabel>
              <fieldentry>multiple_choice_question</fieldentry>
            </qtimetadatafield>
            <qtimetadatafield>
              <fieldlabel>points_possible</fieldlabel>
              <fieldentry>1</fieldentry>
            </qtimetadatafield>
            <qtimetadatafield>
              <fieldlabel>original_answer_ids</fieldlabel>
              <fieldentry>text2qti_choice_ddcb595ff54f2c56fe5723eda366e453b15e440cd5d8f32edb055be3d909e70d,text2qti_choice_6b22fc009dd1fb69a0a29f10d8f38cd9099e7ef416bbb583fdee0504b6a5ff6d,text2qti_choice_0063f11f7e8d581849c0e2c0ceeb42d342eeb60308ae45e88e74710f02054cee</fieldentry>
            </qtimetadatafield>
            <qtimetadatafield>
              <fieldlabel>assessment_question_identifierref</fieldlabel>
              <fieldentry>text2qti_question_ref_cc968546354ad0dbe9e150f3a7bb2d7f9010bd65fa5bd10523f6b03ba1090bd3</fieldentry>
            </qtimetadatafield>
          </qtimetadata>
        </itemmetadata>
        <presentation>
          <material>
            <mattext texttype="text/html">&lt;p&gt;▪ Practice in english. Select a correct option (only one). With a Vernier caliper you can:&lt;/p&gt;</mattext>
          </material>
          <response_lid ident="response1" rcardinality="Single">
            <render_choice>
              <response_label ident="text2qti_choice_ddcb595ff54f2c56fe5723eda366e453b15e440cd5d8f32edb055be3d909e70d">
                <material>
                  <mattext texttype="text/html">&lt;p&gt;Measure angles&lt;/p&gt;</mattext>
                </material>
              </response_label>
              <response_label ident="text2qti_choice_6b22fc009dd1fb69a0a29f10d8f38cd9099e7ef416bbb583fdee0504b6a5ff6d">
                <material>
                  <mattext texttype="text/html">&lt;p&gt;Measure diameters&lt;/p&gt;</mattext>
                </material>
              </response_label>
              <response_label ident="text2qti_choice_0063f11f7e8d581849c0e2c0ceeb42d342eeb60308ae45e88e74710f02054cee">
                <material>
                  <mattext texttype="text/html">&lt;p&gt;Measure circumferences&lt;/p&gt;</mattext>
                </material>
              </response_label>
            </render_choice>
          </response_lid>
        </presentation>
        <resprocessing>
          <outcomes>
            <decvar maxvalue="100" minvalue="0" varname="SCORE" vartype="Decimal"/>
          </outcomes>
          <respcondition continue="No">
            <conditionvar>
              <varequal respident="response1">text2qti_choice_6b22fc009dd1fb69a0a29f10d8f38cd9099e7ef416bbb583fdee0504b6a5ff6d</varequal>
            </conditionvar>
            <setvar action="Set" varname="SCORE">100</setvar>
          </respcondition>
        </resprocessing>
      </item>
      <item ident="text2qti_question_4757dd0caa53b9584ddcadf40f9a0774a1dc951b8de1585157446175d96945f0" title="Question">
        <itemmetadata>
          <qtimetadata>
            <qtimetadatafield>
              <fieldlabel>question_type</fieldlabel>
              <fieldentry>multiple_choice_question</fieldentry>
            </qtimetadatafield>
            <qtimetadatafield>
              <fieldlabel>points_possible</fieldlabel>
              <fieldentry>1</fieldentry>
            </qtimetadatafield>
            <qtimetadatafield>
              <fieldlabel>original_answer_ids</fieldlabel>
              <fieldentry>text2qti_choice_87efd30ac7214ceef8b6a7f89990b5decfd192f710953b4fb1466236cd79305e,text2qti_choice_2e4c90d0aff45f526f0d4ede603265634bb218004f191577b3f05eefba151a67,text2qti_choice_502bd0b4c0c9db2a38aa54be6dd97545a7af220471e9efd236cdd48636249b1e</fieldentry>
            </qtimetadatafield>
            <qtimetadatafield>
              <fieldlabel>assessment_question_identifierref</fieldlabel>
              <fieldentry>text2qti_question_ref_4757dd0caa53b9584ddcadf40f9a0774a1dc951b8de1585157446175d96945f0</fieldentry>
            </qtimetadatafield>
          </qtimetadata>
        </itemmetadata>
        <presentation>
          <material>
            <mattext texttype="text/html">&lt;p&gt;‣ Practice in english. Select a correct option (only one). With a Vernier caliper you can:&lt;/p&gt;</mattext>
          </material>
          <response_lid ident="response1" rcardinality="Single">
            <render_choice>
              <response_label ident="text2qti_choice_87efd30ac7214ceef8b6a7f89990b5decfd192f710953b4fb1466236cd79305e">
                <material>
                  <mattext texttype="text/html">&lt;p&gt;Measure hole depth&lt;/p&gt;</mattext>
                </material>
              </response_label>
              <response_label ident="text2qti_choice_2e4c90d0aff45f526f0d4ede603265634bb218004f191577b3f05eefba151a67">
                <material>
                  <mattext texttype="text/html">&lt;p&gt;Measure angles&lt;/p&gt;</mattext>
                </material>
              </response_label>
              <response_label ident="text2qti_choice_502bd0b4c0c9db2a38aa54be6dd97545a7af220471e9efd236cdd48636249b1e">
                <material>
                  <mattext texttype="text/html">&lt;p&gt;Measure temperatures&lt;/p&gt;</mattext>
                </material>
              </response_label>
            </render_choice>
          </response_lid>
        </presentation>
        <resprocessing>
          <outcomes>
            <decvar maxvalue="100" minvalue="0" varname="SCORE" vartype="Decimal"/>
          </outcomes>
          <respcondition continue="No">
            <conditionvar>
              <varequal respident="response1">text2qti_choice_87efd30ac7214ceef8b6a7f89990b5decfd192f710953b4fb1466236cd79305e</varequal>
            </conditionvar>
            <setvar action="Set" varname="SCORE">100</setvar>
          </respcondition>
        </resprocessing>
      </item>
    </section>
    <section ident="text2qti_group_1826644c0257de460ec572dafd9f734a568eeb284f11e2888866cc8d009a78db" title="Group">
      <selection_ordering>
        <selection>
          <selection_number>1</selection_number>
          <selection_extension>
            <points_per_item>1</points_per_item>
          </selection_extension>
        </selection>
      </selection_ordering>
      <item ident="text2qti_question_2990bf8aed817f7e874d208d5fe9887af98103a558eca24db7cb0b7ce320a31c" title="Question">
        <itemmetadata>
          <qtimetadata>
            <qtimetadatafield>
              <fieldlabel>question_type</fieldlabel>
              <fieldentry>short_answer_question</fieldentry>
            </qtimetadatafield>
            <qtimetadatafield>
              <fieldlabel>points_possible</fieldlabel>
              <fieldentry>1</fieldentry>
            </qtimetadatafield>
            <qtimetadatafield>
              <fieldlabel>original_answer_ids</fieldlabel>
              <fieldentry>text2qti_choice_06a39d5040c41f43502e48e54cd44a5eb67f49d3ac609178d360a68ea5bd94ab,text2qti_choice_16d0b95a86c95c896de53254e2ecd2920db2f98addb22205e42a2abe633059a1</fieldentry>
            </qtimetadatafield>
            <qtimetadatafield>
              <fieldlabel>assessment_question_identifierref</fieldlabel>
              <fieldentry>text2qti_question_ref_2990bf8aed817f7e874d208d5fe9887af98103a558eca24db7cb0b7ce320a31c</fieldentry>
            </qtimetadatafield>
          </qtimetadata>
        </itemmetadata>
        <presentation>
          <material>
            <mattext texttype="text/html">&lt;p&gt;▪ ¿Qué medida muestra este calibre? Escribe un número con un solo decimal. &lt;img alt="caliper_1" src="%24IMS-CC-FILEBASE%24/images/caliper_test_01.png" /&gt;&lt;/p&gt;</mattext>
          </material>
          <response_str ident="response1" rcardinality="Single">
            <render_fib>
              <response_label ident="answer1" rshuffle="No"/>
            </render_fib>
          </response_str>
        </presentation>
        <resprocessing>
          <outcomes>
            <decvar maxvalue="100" minvalue="0" varname="SCORE" vartype="Decimal"/>
          </outcomes>
          <respcondition continue="No">
            <conditionvar>
              <varequal respident="response1">3,3</varequal>
              <varequal respident="response1">3.3</varequal>
            </conditionvar>
            <setvar action="Set" varname="SCORE">100</setvar>
          </respcondition>
        </resprocessing>
      </item>
      <item ident="text2qti_question_fd59d8709b3f16b47397aa33fb33d3617c81d4d6d8d6cbf67d7c07917d301816" title="Question">
        <itemmetadata>
          <qtimetadata>
            <qtimetadatafield>
              <fieldlabel>question_type</fieldlabel>
              <fieldentry>short_answer_question</fieldentry>
            </qtimetadatafield>
            <qtimetadatafield>
              <fieldlabel>points_possible</fieldlabel>
              <fieldentry>1</fieldentry>
            </qtimetadatafield>
            <qtimetadatafield>
              <fieldlabel>original_answer_ids</fieldlabel>
              <fieldentry>text2qti_choice_2f4f7c609488a5ce7c4e60c8a932eb90aeb0c07d62a6baf78f80d8081a3ce2a3,text2qti_choice_3ce1dd7f03073f4b5e47d3dded6b99fa367b0ec999f3d67bf83fa42a83505669</fieldentry>
            </qtimetadatafield>
            <qtimetadatafield>
              <fieldlabel>assessment_question_identifierref</fieldlabel>
              <fieldentry>text2qti_question_ref_fd59d8709b3f16b47397aa33fb33d3617c81d4d6d8d6cbf67d7c07917d301816</fieldentry>
            </qtimetadatafield>
          </qtimetadata>
        </itemmetadata>
        <presentation>
          <material>
            <mattext texttype="text/html">&lt;p&gt;‣ ¿Qué medida muestra este calibre? Escribe un número con un solo decimal. &lt;img alt="caliper_2" src="%24IMS-CC-FILEBASE%24/images/caliper_test_02.png" /&gt;&lt;/p&gt;</mattext>
          </material>
          <response_str ident="response1" rcardinality="Single">
            <render_fib>
              <response_label ident="answer1" rshuffle="No"/>
            </render_fib>
          </response_str>
        </presentation>
        <resprocessing>
          <outcomes>
            <decvar maxvalue="100" minvalue="0" varname="SCORE" vartype="Decimal"/>
          </outcomes>
          <respcondition continue="No">
            <conditionvar>
              <varequal respident="response1">4,4</varequal>
              <varequal respident="response1">4.4</varequal>
            </conditionvar>
            <setvar action="Set" varname="SCORE">100</setvar>
          </respcondition>
        </resprocessing>
      </item>
      <item ident="text2qti_question_7272813615db6300b601fe8b121fc38f702c4f554d22bd76c345dcd6f7a9def0" title="Question">
        <itemmetadata>
          <qtimetadata>
            <qtimetadatafield>
              <fieldlabel>question_type</fieldlabel>
              <fieldentry>short_answer_question</fieldentry>
            </qtimetadatafield>
            <qtimetadatafield>
              <fieldlabel>points_possible</fieldlabel>
              <fieldentry>1</fieldentry>
            </qtimetadatafield>
            <qtimetadatafield>
              <fieldlabel>original_answer_ids</fieldlabel>
              <fieldentry>text2qti_choice_be8c6f143947034d0202b973293f58a161d1ec417e4d70f6c17fa3d4f36836fd,text2qti_choice_f072e6743e35f5685925e6c44d6a55f4e66de7833f157797266d809a2fae0799</fieldentry>
            </qtimetadatafield>
            <qtimetadatafield>
              <fieldlabel>assessment_question_identifierref</fieldlabel>
              <fieldentry>text2qti_question_ref_7272813615db6300b601fe8b121fc38f702c4f554d22bd76c345dcd6f7a9def0</fieldentry>
            </qtimetadatafield>
          </qtimetadata>
        </itemmetadata>
        <presentation>
          <material>
            <mattext texttype="text/html">&lt;p&gt;⬩ ¿Qué medida muestra este calibre? Escribe un número con un solo decimal. &lt;img alt="caliper_3" src="%24IMS-CC-FILEBASE%24/images/caliper_test_03.png" /&gt;&lt;/p&gt;</mattext>
          </material>
          <response_str ident="response1" rcardinality="Single">
            <render_fib>
              <response_label ident="answer1" rshuffle="No"/>
            </render_fib>
          </response_str>
        </presentation>
        <resprocessing>
          <outcomes>
            <decvar maxvalue="100" minvalue="0" varname="SCORE" vartype="Decimal"/>
          </outcomes>
          <respcondition continue="No">
            <conditionvar>
              <varequal respident="response1">5,8</varequal>
              <varequal respident="response1">5.8</varequal>
            </conditionvar>
            <setvar action="Set" varname="SCORE">100</setvar>
          </respcondition>
        </resprocessing>
      </item>
    </section>
    <section ident="text2qti_group_e53d1ddfafd966b0f2b56a9884a38a71464b4637959a4c147877a3a2966f451b" title="Group">
      <selection_ordering>
        <selection>
          <selection_number>1</selection_number>
          <selection_extension>
            <points_per_item>1</points_per_item>
          </selection_extension>
        </selection>
      </selection_ordering>
      <item ident="text2qti_question_953daf5cb668d7549258c90ef75e7b3b1d1ff86598735c3c82775174f89a416a" title="Question">
        <itemmetadata>
          <qtimetadata>
            <qtimetadatafield>
              <fieldlabel>question_type</fieldlabel>
              <fieldentry>short_answer_question</fieldentry>
            </qtimetadatafield>
            <qtimetadatafield>
              <fieldlabel>points_possible</fieldlabel>
              <fieldentry>1</fieldentry>
            </qtimetadatafield>
            <qtimetadatafield>
              <fieldlabel>original_answer_ids</fieldlabel>
              <fieldentry>text2qti_choice_cadb9903c4cf49d628a34104d4caa8d3c82ce602c170b4195b4273aa8d776270,text2qti_choice_ae327648d84e60542235ab91c761299c398b43663f9342b0d83bf264f2c09f9d</fieldentry>
            </qtimetadatafield>
            <qtimetadatafield>
              <fieldlabel>assessment_question_identifierref</fieldlabel>
              <fieldentry>text2qti_question_ref_953daf5cb668d7549258c90ef75e7b3b1d1ff86598735c3c82775174f89a416a</fieldentry>
            </qtimetadatafield>
          </qtimetadata>
        </itemmetadata>
        <presentation>
          <material>
            <mattext texttype="text/html">&lt;p&gt;▪ ¿Qué medida muestra este calibre? Escribe un número con un solo decimal. &lt;img alt="caliper_4" src="%24IMS-CC-FILEBASE%24/images/caliper_test_04.png" /&gt;&lt;/p&gt;</mattext>
          </material>
          <response_str ident="response1" rcardinality="Single">
            <render_fib>
              <response_label ident="answer1" rshuffle="No"/>
            </render_fib>
          </response_str>
        </presentation>
        <resprocessing>
          <outcomes>
            <decvar maxvalue="100" minvalue="0" varname="SCORE" vartype="Decimal"/>
          </outcomes>
          <respcondition continue="No">
            <conditionvar>
              <varequal respident="response1">8,2</varequal>
              <varequal respident="response1">8.2</varequal>
            </conditionvar>
            <setvar action="Set" varname="SCORE">100</setvar>
          </respcondition>
        </resprocessing>
      </item>
      <item ident="text2qti_question_913e652576425eb9334978ec39f90b7460cf19f1ad920443ad9e6dfadcbbdc66" title="Question">
        <itemmetadata>
          <qtimetadata>
            <qtimetadatafield>
              <fieldlabel>question_type</fieldlabel>
              <fieldentry>short_answer_question</fieldentry>
            </qtimetadatafield>
            <qtimetadatafield>
              <fieldlabel>points_possible</fieldlabel>
              <fieldentry>1</fieldentry>
            </qtimetadatafield>
            <qtimetadatafield>
              <fieldlabel>original_answer_ids</fieldlabel>
              <fieldentry>text2qti_choice_960116cebe09c6db399e517cc367b2d2ff68d6a4ba9ea1723131c12fba6b4ff4,text2qti_choice_641314a206497e709dbbf77325e5a35bb3e3127a1f4d7c62158860809b530e20</fieldentry>
            </qtimetadatafield>
            <qtimetadatafield>
              <fieldlabel>assessment_question_identifierref</fieldlabel>
              <fieldentry>text2qti_question_ref_913e652576425eb9334978ec39f90b7460cf19f1ad920443ad9e6dfadcbbdc66</fieldentry>
            </qtimetadatafield>
          </qtimetadata>
        </itemmetadata>
        <presentation>
          <material>
            <mattext texttype="text/html">&lt;p&gt;‣ ¿Qué medida muestra este calibre? Escribe un número con un solo decimal. &lt;img alt="caliper_5" src="%24IMS-CC-FILEBASE%24/images/caliper_test_05.png" /&gt;&lt;/p&gt;</mattext>
          </material>
          <response_str ident="response1" rcardinality="Single">
            <render_fib>
              <response_label ident="answer1" rshuffle="No"/>
            </render_fib>
          </response_str>
        </presentation>
        <resprocessing>
          <outcomes>
            <decvar maxvalue="100" minvalue="0" varname="SCORE" vartype="Decimal"/>
          </outcomes>
          <respcondition continue="No">
            <conditionvar>
              <varequal respident="response1">12,7</varequal>
              <varequal respident="response1">12.7</varequal>
            </conditionvar>
            <setvar action="Set" varname="SCORE">100</setvar>
          </respcondition>
        </resprocessing>
      </item>
      <item ident="text2qti_question_6ef6eb8436f3c417f33edc58146e723c150a2819d11ed41c0aedcb4aea09341a" title="Question">
        <itemmetadata>
          <qtimetadata>
            <qtimetadatafield>
              <fieldlabel>question_type</fieldlabel>
              <fieldentry>short_answer_question</fieldentry>
            </qtimetadatafield>
            <qtimetadatafield>
              <fieldlabel>points_possible</fieldlabel>
              <fieldentry>1</fieldentry>
            </qtimetadatafield>
            <qtimetadatafield>
              <fieldlabel>original_answer_ids</fieldlabel>
              <fieldentry>text2qti_choice_0200595f2e5b1efeea85fea927f34959169d1c1370e1f4afe671b25d6e77c4f4,text2qti_choice_1df3889a704a2be701cf285c52ec7be0aa1002235ce6632ace1e94cfb259fb56</fieldentry>
            </qtimetadatafield>
            <qtimetadatafield>
              <fieldlabel>assessment_question_identifierref</fieldlabel>
              <fieldentry>text2qti_question_ref_6ef6eb8436f3c417f33edc58146e723c150a2819d11ed41c0aedcb4aea09341a</fieldentry>
            </qtimetadatafield>
          </qtimetadata>
        </itemmetadata>
        <presentation>
          <material>
            <mattext texttype="text/html">&lt;p&gt;⬩ ¿Qué medida muestra este calibre? Escribe un número con un solo decimal. &lt;img alt="caliper_6" src="%24IMS-CC-FILEBASE%24/images/caliper_test_06.png" /&gt;&lt;/p&gt;</mattext>
          </material>
          <response_str ident="response1" rcardinality="Single">
            <render_fib>
              <response_label ident="answer1" rshuffle="No"/>
            </render_fib>
          </response_str>
        </presentation>
        <resprocessing>
          <outcomes>
            <decvar maxvalue="100" minvalue="0" varname="SCORE" vartype="Decimal"/>
          </outcomes>
          <respcondition continue="No">
            <conditionvar>
              <varequal respident="response1">14,3</varequal>
              <varequal respident="response1">14.3</varequal>
            </conditionvar>
            <setvar action="Set" varname="SCORE">100</setvar>
          </respcondition>
        </resprocessing>
      </item>
    </section>
    <section ident="text2qti_group_c2bfec49b4352ea2ceb2a210eb5182a741ab1489c68a35ba800ee202019f5aaf" title="Group">
      <selection_ordering>
        <selection>
          <selection_number>1</selection_number>
          <selection_extension>
            <points_per_item>1</points_per_item>
          </selection_extension>
        </selection>
      </selection_ordering>
      <item ident="text2qti_question_3ea834af8f8ee14178004d31a0a7b27df818cbad1d94b2cad4b4e335fc0f2e96" title="Question">
        <itemmetadata>
          <qtimetadata>
            <qtimetadatafield>
              <fieldlabel>question_type</fieldlabel>
              <fieldentry>short_answer_question</fieldentry>
            </qtimetadatafield>
            <qtimetadatafield>
              <fieldlabel>points_possible</fieldlabel>
              <fieldentry>1</fieldentry>
            </qtimetadatafield>
            <qtimetadatafield>
              <fieldlabel>original_answer_ids</fieldlabel>
              <fieldentry>text2qti_choice_9e3a9eba1eb136ba9f90378c0c046cdf4ebbebd53b7b34253235b9063d8fe5a4,text2qti_choice_1f50440823b792f68c035a88905502413d1d25a1ad99d7b8c48cc68978b8129b</fieldentry>
            </qtimetadatafield>
            <qtimetadatafield>
              <fieldlabel>assessment_question_identifierref</fieldlabel>
              <fieldentry>text2qti_question_ref_3ea834af8f8ee14178004d31a0a7b27df818cbad1d94b2cad4b4e335fc0f2e96</fieldentry>
            </qtimetadatafield>
          </qtimetadata>
        </itemmetadata>
        <presentation>
          <material>
            <mattext texttype="text/html">&lt;p&gt;▪ ¿Qué medida muestra este calibre? Escribe un número con un solo decimal. &lt;img alt="caliper_16" src="%24IMS-CC-FILEBASE%24/images/caliper_test_16.png" /&gt;&lt;/p&gt;</mattext>
          </material>
          <response_str ident="response1" rcardinality="Single">
            <render_fib>
              <response_label ident="answer1" rshuffle="No"/>
            </render_fib>
          </response_str>
        </presentation>
        <resprocessing>
          <outcomes>
            <decvar maxvalue="100" minvalue="0" varname="SCORE" vartype="Decimal"/>
          </outcomes>
          <respcondition continue="No">
            <conditionvar>
              <varequal respident="response1">32,2</varequal>
              <varequal respident="response1">32.2</varequal>
            </conditionvar>
            <setvar action="Set" varname="SCORE">100</setvar>
          </respcondition>
        </resprocessing>
      </item>
      <item ident="text2qti_question_517d99b93a09f186983ece01fc4bd1fb86b89c0d4fb0422c53f2f77eb31411e1" title="Question">
        <itemmetadata>
          <qtimetadata>
            <qtimetadatafield>
              <fieldlabel>question_type</fieldlabel>
              <fieldentry>short_answer_question</fieldentry>
            </qtimetadatafield>
            <qtimetadatafield>
              <fieldlabel>points_possible</fieldlabel>
              <fieldentry>1</fieldentry>
            </qtimetadatafield>
            <qtimetadatafield>
              <fieldlabel>original_answer_ids</fieldlabel>
              <fieldentry>text2qti_choice_0d87d4ae1c96f2ce2d2a044bb13aaf470e0b15e4def1ee504807ec0b8d1d0f19,text2qti_choice_7336a059fe60f679f1c30ed167bb589b6bd97e86666f0016398e0b1b601d47a5</fieldentry>
            </qtimetadatafield>
            <qtimetadatafield>
              <fieldlabel>assessment_question_identifierref</fieldlabel>
              <fieldentry>text2qti_question_ref_517d99b93a09f186983ece01fc4bd1fb86b89c0d4fb0422c53f2f77eb31411e1</fieldentry>
            </qtimetadatafield>
          </qtimetadata>
        </itemmetadata>
        <presentation>
          <material>
            <mattext texttype="text/html">&lt;p&gt;‣ ¿Qué medida muestra este calibre? Escribe un número con un solo decimal. &lt;img alt="caliper_17" src="%24IMS-CC-FILEBASE%24/images/caliper_test_17.png" /&gt;&lt;/p&gt;</mattext>
          </material>
          <response_str ident="response1" rcardinality="Single">
            <render_fib>
              <response_label ident="answer1" rshuffle="No"/>
            </render_fib>
          </response_str>
        </presentation>
        <resprocessing>
          <outcomes>
            <decvar maxvalue="100" minvalue="0" varname="SCORE" vartype="Decimal"/>
          </outcomes>
          <respcondition continue="No">
            <conditionvar>
              <varequal respident="response1">34,1</varequal>
              <varequal respident="response1">34.1</varequal>
            </conditionvar>
            <setvar action="Set" varname="SCORE">100</setvar>
          </respcondition>
        </resprocessing>
      </item>
      <item ident="text2qti_question_389806add73e037339c2ef76e5c3ba1bc97b8217b3a530fb8766371f4f449b56" title="Question">
        <itemmetadata>
          <qtimetadata>
            <qtimetadatafield>
              <fieldlabel>question_type</fieldlabel>
              <fieldentry>short_answer_question</fieldentry>
            </qtimetadatafield>
            <qtimetadatafield>
              <fieldlabel>points_possible</fieldlabel>
              <fieldentry>1</fieldentry>
            </qtimetadatafield>
            <qtimetadatafield>
              <fieldlabel>original_answer_ids</fieldlabel>
              <fieldentry>text2qti_choice_63dbe6167b6d8d0213ad775dcb51ad3b5868f0c962b7a30280507aa5ece416cb,text2qti_choice_a0a8363d5db9d281d16640b665ba0fcb42d9b0eb7a2f7179835ffdbe8fe898d7</fieldentry>
            </qtimetadatafield>
            <qtimetadatafield>
              <fieldlabel>assessment_question_identifierref</fieldlabel>
              <fieldentry>text2qti_question_ref_389806add73e037339c2ef76e5c3ba1bc97b8217b3a530fb8766371f4f449b56</fieldentry>
            </qtimetadatafield>
          </qtimetadata>
        </itemmetadata>
        <presentation>
          <material>
            <mattext texttype="text/html">&lt;p&gt;⬩ ¿Qué medida muestra este calibre? Escribe un número con un solo decimal. &lt;img alt="caliper_18" src="%24IMS-CC-FILEBASE%24/images/caliper_test_18.png" /&gt;&lt;/p&gt;</mattext>
          </material>
          <response_str ident="response1" rcardinality="Single">
            <render_fib>
              <response_label ident="answer1" rshuffle="No"/>
            </render_fib>
          </response_str>
        </presentation>
        <resprocessing>
          <outcomes>
            <decvar maxvalue="100" minvalue="0" varname="SCORE" vartype="Decimal"/>
          </outcomes>
          <respcondition continue="No">
            <conditionvar>
              <varequal respident="response1">36,6</varequal>
              <varequal respident="response1">36.6</varequal>
            </conditionvar>
            <setvar action="Set" varname="SCORE">100</setvar>
          </respcondition>
        </resprocessing>
      </item>
    </section>
    <section ident="text2qti_group_8fe880228cb6b87d328e69aa9429402ff360b62d3431756ff16295d4c78fd31d" title="Group">
      <selection_ordering>
        <selection>
          <selection_number>1</selection_number>
          <selection_extension>
            <points_per_item>1</points_per_item>
          </selection_extension>
        </selection>
      </selection_ordering>
      <item ident="text2qti_question_2828299c7c3ebf0f988e7ddfa1acfa8488b6e7f47c69da4f3d4d60b02482a403" title="Question">
        <itemmetadata>
          <qtimetadata>
            <qtimetadatafield>
              <fieldlabel>question_type</fieldlabel>
              <fieldentry>multiple_choice_question</fieldentry>
            </qtimetadatafield>
            <qtimetadatafield>
              <fieldlabel>points_possible</fieldlabel>
              <fieldentry>1</fieldentry>
            </qtimetadatafield>
            <qtimetadatafield>
              <fieldlabel>original_answer_ids</fieldlabel>
              <fieldentry>text2qti_choice_d1a08dc60a3fc4b81d88defc111827a6b1ec622549302bc0905a1b6e8cbd5625,text2qti_choice_630ed9c925a0c4eaa828b179d76dae2eb8b2f43239054a028f111858f445e8ec,text2qti_choice_e1b98c3bfe50ec8853a299e3cf21cba142b259d5b4b466438147e8f69eb30d00</fieldentry>
            </qtimetadatafield>
            <qtimetadatafield>
              <fieldlabel>assessment_question_identifierref</fieldlabel>
              <fieldentry>text2qti_question_ref_2828299c7c3ebf0f988e7ddfa1acfa8488b6e7f47c69da4f3d4d60b02482a403</fieldentry>
            </qtimetadatafield>
          </qtimetadata>
        </itemmetadata>
        <presentation>
          <material>
            <mattext texttype="text/html">&lt;p&gt;Selecciona la opción correcta. Si pones un calibre parado y bien apoyado sobre una mesa plana y luego, sin levantarlo, logras abrir un poco las mordazas significa que:&lt;/p&gt;</mattext>
          </material>
          <response_lid ident="response1" rcardinality="Single">
            <render_choice>
              <response_label ident="text2qti_choice_d1a08dc60a3fc4b81d88defc111827a6b1ec622549302bc0905a1b6e8cbd5625">
                <material>
                  <mattext texttype="text/html">&lt;p&gt;Hay un problema o falla en la varilla de profundidad&lt;/p&gt;</mattext>
                </material>
              </response_label>
              <response_label ident="text2qti_choice_630ed9c925a0c4eaa828b179d76dae2eb8b2f43239054a028f111858f445e8ec">
                <material>
                  <mattext texttype="text/html">&lt;p&gt;Hay un problema o falla en las mordazas para exteriores&lt;/p&gt;</mattext>
                </material>
              </response_label>
              <response_label ident="text2qti_choice_e1b98c3bfe50ec8853a299e3cf21cba142b259d5b4b466438147e8f69eb30d00">
                <material>
                  <mattext texttype="text/html">&lt;p&gt;Hay un problema o falla en las mordazas para interiores&lt;/p&gt;</mattext>
                </material>
              </response_label>
            </render_choice>
          </response_lid>
        </presentation>
        <resprocessing>
          <outcomes>
            <decvar maxvalue="100" minvalue="0" varname="SCORE" vartype="Decimal"/>
          </outcomes>
          <respcondition continue="No">
            <conditionvar>
              <varequal respident="response1">text2qti_choice_d1a08dc60a3fc4b81d88defc111827a6b1ec622549302bc0905a1b6e8cbd5625</varequal>
            </conditionvar>
            <setvar action="Set" varname="SCORE">100</setvar>
          </respcondition>
        </resprocessing>
      </item>
      <item ident="text2qti_question_260adbe9f47c09f9be258ba52479b2328d9efd87ff0a491fb502ac8a2d7790e4" title="Question">
        <itemmetadata>
          <qtimetadata>
            <qtimetadatafield>
              <fieldlabel>question_type</fieldlabel>
              <fieldentry>multiple_choice_question</fieldentry>
            </qtimetadatafield>
            <qtimetadatafield>
              <fieldlabel>points_possible</fieldlabel>
              <fieldentry>1</fieldentry>
            </qtimetadatafield>
            <qtimetadatafield>
              <fieldlabel>original_answer_ids</fieldlabel>
              <fieldentry>text2qti_choice_bf03c71c3b617e555d4f4f3dba5526f850b6fe544f4cf6d5d9f5ee34500f2dbc,text2qti_choice_cb8a76c43b6f90a6765767b2c21822f8846c399e0d7b20fd0d8cd496cd2161db,text2qti_choice_66c54834827a16de393874b2422fc6cb4eb1511c6f612d6d008ed4a17f59ee95</fieldentry>
            </qtimetadatafield>
            <qtimetadatafield>
              <fieldlabel>assessment_question_identifierref</fieldlabel>
              <fieldentry>text2qti_question_ref_260adbe9f47c09f9be258ba52479b2328d9efd87ff0a491fb502ac8a2d7790e4</fieldentry>
            </qtimetadatafield>
          </qtimetadata>
        </itemmetadata>
        <presentation>
          <material>
            <mattext texttype="text/html">&lt;p&gt;Si cierras el calibre totalmente y aun así se ve luz a través de las mordazas para exteriores significa que:&lt;/p&gt;</mattext>
          </material>
          <response_lid ident="response1" rcardinality="Single">
            <render_choice>
              <response_label ident="text2qti_choice_bf03c71c3b617e555d4f4f3dba5526f850b6fe544f4cf6d5d9f5ee34500f2dbc">
                <material>
                  <mattext texttype="text/html">&lt;p&gt;Hay que limpiar las mordazas o puede tener una falla&lt;/p&gt;</mattext>
                </material>
              </response_label>
              <response_label ident="text2qti_choice_cb8a76c43b6f90a6765767b2c21822f8846c399e0d7b20fd0d8cd496cd2161db">
                <material>
                  <mattext texttype="text/html">&lt;p&gt;El calibre está bien y es normal&lt;/p&gt;</mattext>
                </material>
              </response_label>
              <response_label ident="text2qti_choice_66c54834827a16de393874b2422fc6cb4eb1511c6f612d6d008ed4a17f59ee95">
                <material>
                  <mattext texttype="text/html">&lt;p&gt;La varilla de profundidad tiene una falla o problema&lt;/p&gt;</mattext>
                </material>
              </response_label>
            </render_choice>
          </response_lid>
        </presentation>
        <resprocessing>
          <outcomes>
            <decvar maxvalue="100" minvalue="0" varname="SCORE" vartype="Decimal"/>
          </outcomes>
          <respcondition continue="No">
            <conditionvar>
              <varequal respident="response1">text2qti_choice_bf03c71c3b617e555d4f4f3dba5526f850b6fe544f4cf6d5d9f5ee34500f2dbc</varequal>
            </conditionvar>
            <setvar action="Set" varname="SCORE">100</setvar>
          </respcondition>
        </resprocessing>
      </item>
      <item ident="text2qti_question_801691397191a057a2fb752f8b006d402a880241cde140df72b52a2b79040251" title="Question">
        <itemmetadata>
          <qtimetadata>
            <qtimetadatafield>
              <fieldlabel>question_type</fieldlabel>
              <fieldentry>multiple_choice_question</fieldentry>
            </qtimetadatafield>
            <qtimetadatafield>
              <fieldlabel>points_possible</fieldlabel>
              <fieldentry>1</fieldentry>
            </qtimetadatafield>
            <qtimetadatafield>
              <fieldlabel>original_answer_ids</fieldlabel>
              <fieldentry>text2qti_choice_9440399293d403b044b54b682d5d166a66f2a21228e41604e14803cac7855551,text2qti_choice_36f9eea7811fcbd5ae5882ae3b131c383d8b464e3736477a56815ace001738b1,text2qti_choice_2435854ab455084c857f36dcf27c0f10fd1ff9bd5988c19131f17af486018ad3</fieldentry>
            </qtimetadatafield>
            <qtimetadatafield>
              <fieldlabel>assessment_question_identifierref</fieldlabel>
              <fieldentry>text2qti_question_ref_801691397191a057a2fb752f8b006d402a880241cde140df72b52a2b79040251</fieldentry>
            </qtimetadatafield>
          </qtimetadata>
        </itemmetadata>
        <presentation>
          <material>
            <mattext texttype="text/html">&lt;p&gt;Selecciona todas las opciones correctas. Si cierras el calibre totalmente y no coinciden el cero del nonio con el cero de la regla fija significa que:&lt;/p&gt;</mattext>
          </material>
          <response_lid ident="response1" rcardinality="Single">
            <render_choice>
              <response_label ident="text2qti_choice_9440399293d403b044b54b682d5d166a66f2a21228e41604e14803cac7855551">
                <material>
                  <mattext texttype="text/html">&lt;p&gt;Hay alguna falla o desgaste y no conviene usarlo&lt;/p&gt;</mattext>
                </material>
              </response_label>
              <response_label ident="text2qti_choice_36f9eea7811fcbd5ae5882ae3b131c383d8b464e3736477a56815ace001738b1">
                <material>
                  <mattext texttype="text/html">&lt;p&gt;No representa un problema ya que es lo normal&lt;/p&gt;</mattext>
                </material>
              </response_label>
              <response_label ident="text2qti_choice_2435854ab455084c857f36dcf27c0f10fd1ff9bd5988c19131f17af486018ad3">
                <material>
                  <mattext texttype="text/html">&lt;p&gt;La varilla de profundidad tiene una falla o problema&lt;/p&gt;</mattext>
                </material>
              </response_label>
            </render_choice>
          </response_lid>
        </presentation>
        <resprocessing>
          <outcomes>
            <decvar maxvalue="100" minvalue="0" varname="SCORE" vartype="Decimal"/>
          </outcomes>
          <respcondition continue="No">
            <conditionvar>
              <varequal respident="response1">text2qti_choice_9440399293d403b044b54b682d5d166a66f2a21228e41604e14803cac7855551</varequal>
            </conditionvar>
            <setvar action="Set" varname="SCORE">100</setvar>
          </respcondition>
        </resprocessing>
      </item>
    </section>
    </section>
  </assessment>
</questestinterop>
