<?xml version="1.0" encoding="UTF-8"?>
<questestinterop xmlns="http://www.imsglobal.org/xsd/ims_qtiasiv1p2" xmlns:xsi="http://www.w3.org/2001/XMLSchema-instance" xsi:schemaLocation="http://www.imsglobal.org/xsd/ims_qtiasiv1p2 http://www.imsglobal.org/xsd/ims_qtiasiv1p2p1.xsd">
  <assessment ident="text2qti_assessment_60a1c4e9b87e9defaac7836dbba907e2713f6dbebf68ad4f025d0686a719e4c3" title="Ejercicio interactivo sobre Clasificación general de herramientas, instrumentos y máquinas">
    <qtimetadata>
      <qtimetadatafield>
        <fieldlabel>cc_maxattempts</fieldlabel>
        <fieldentry>1</fieldentry>
      </qtimetadatafield>
    </qtimetadata>
    <section ident="root_section">
    <section ident="text2qti_group_b801f1cd00c424786dee1a64ad38a1b0b3d4c8dbd880284351e34c250cfe9128" title="Group">
      <selection_ordering>
        <selection>
          <selection_number>1</selection_number>
          <selection_extension>
            <points_per_item>1</points_per_item>
          </selection_extension>
        </selection>
      </selection_ordering>
      <item ident="text2qti_question_0d7abad2eaf5ef758293d2ca2e19c0693122892db5389ce054efdbc1b87f7e4b" title="Question">
        <itemmetadata>
          <qtimetadata>
            <qtimetadatafield>
              <fieldlabel>question_type</fieldlabel>
              <fieldentry>multiple_choice_question</fieldentry>
            </qtimetadatafield>
            <qtimetadatafield>
              <fieldlabel>points_possible</fieldlabel>
              <fieldentry>1</fieldentry>
            </qtimetadatafield>
            <qtimetadatafield>
              <fieldlabel>original_answer_ids</fieldlabel>
              <fieldentry>text2qti_choice_cb64be841fe89c5edf69f8fe942f1a04f1257cffa714585f9941b2a73e6d7b97,text2qti_choice_c4986ba50958649161eeddedfc8c2df47e8fac0d545e8595ef913e19e093326c,text2qti_choice_91f9edde9c7742045fb9ecef2bc4bbf98323189fbf770d3d48dc4ed046a78f3b,text2qti_choice_d0f4ab8205b5e2874746da48440d2a5e9bea746bd8d4bc301131cf87b8da8deb</fieldentry>
            </qtimetadatafield>
            <qtimetadatafield>
              <fieldlabel>assessment_question_identifierref</fieldlabel>
              <fieldentry>text2qti_question_ref_0d7abad2eaf5ef758293d2ca2e19c0693122892db5389ce054efdbc1b87f7e4b</fieldentry>
            </qtimetadatafield>
          </qtimetadata>
        </itemmetadata>
        <presentation>
          <material>
            <mattext texttype="text/html">&lt;p&gt;Selecciona la opción correcta. ¿Qué instrumento se utiliza para comprobar ángulos rectos de 90°?&lt;/p&gt;</mattext>
          </material>
          <response_lid ident="response1" rcardinality="Single">
            <render_choice>
              <response_label ident="text2qti_choice_cb64be841fe89c5edf69f8fe942f1a04f1257cffa714585f9941b2a73e6d7b97">
                <material>
                  <mattext texttype="text/html">&lt;p&gt;Calibre Vernier&lt;/p&gt;</mattext>
                </material>
              </response_label>
              <response_label ident="text2qti_choice_c4986ba50958649161eeddedfc8c2df47e8fac0d545e8595ef913e19e093326c">
                <material>
                  <mattext texttype="text/html">&lt;p&gt;Escuadra&lt;/p&gt;</mattext>
                </material>
              </response_label>
              <response_label ident="text2qti_choice_91f9edde9c7742045fb9ecef2bc4bbf98323189fbf770d3d48dc4ed046a78f3b">
                <material>
                  <mattext texttype="text/html">&lt;p&gt;Cincel&lt;/p&gt;</mattext>
                </material>
              </response_label>
              <response_label ident="text2qti_choice_d0f4ab8205b5e2874746da48440d2a5e9bea746bd8d4bc301131cf87b8da8deb">
                <material>
                  <mattext texttype="text/html">&lt;p&gt;Regla&lt;/p&gt;</mattext>
                </material>
              </response_label>
            </render_choice>
          </response_lid>
        </presentation>
        <resprocessing>
          <outcomes>
            <decvar maxvalue="100" minvalue="0" varname="SCORE" vartype="Decimal"/>
          </outcomes>
          <respcondition continue="No">
            <conditionvar>
              <varequal respident="response1">text2qti_choice_c4986ba50958649161eeddedfc8c2df47e8fac0d545e8595ef913e19e093326c</varequal>
            </conditionvar>
            <setvar action="Set" varname="SCORE">100</setvar>
          </respcondition>
        </resprocessing>
      </item>
      <item ident="text2qti_question_0e09d75f7331f82de02cd7060d15a672b14ec2f97c9811db4242aadd44b4bdb5" title="Question">
        <itemmetadata>
          <qtimetadata>
            <qtimetadatafield>
              <fieldlabel>question_type</fieldlabel>
              <fieldentry>multiple_answers_question</fieldentry>
            </qtimetadatafield>
            <qtimetadatafield>
              <fieldlabel>points_possible</fieldlabel>
              <fieldentry>1</fieldentry>
            </qtimetadatafield>
            <qtimetadatafield>
              <fieldlabel>original_answer_ids</fieldlabel>
              <fieldentry>text2qti_choice_d20dcedf888a1a4168bd7cb050bd7e513cf940937a00663c4734e3aafdc9fecb,text2qti_choice_f09360fa389514cc2a5fe5860085c3e92275617a45d054ee4a8c01437a9b5e86,text2qti_choice_78a217564a8b13d55fe144c9fbd911eb5ad2d10fa00a124983dbd3783fdba22c,text2qti_choice_1678c32b82b8909213cc8e49c45079b02606181a9707843dfa751b946d6e86f1,text2qti_choice_c726275d584d1cb0c7df6d994ef68d217a8cb53a30ec31c726b1d43f717b2215</fieldentry>
            </qtimetadatafield>
            <qtimetadatafield>
              <fieldlabel>assessment_question_identifierref</fieldlabel>
              <fieldentry>text2qti_question_ref_0e09d75f7331f82de02cd7060d15a672b14ec2f97c9811db4242aadd44b4bdb5</fieldentry>
            </qtimetadatafield>
          </qtimetadata>
        </itemmetadata>
        <presentation>
          <material>
            <mattext texttype="text/html">&lt;p&gt;Elige todas las opciones correctas. El Calibre Vernier puede medir:&lt;/p&gt;</mattext>
          </material>
          <response_lid ident="response1" rcardinality="Multiple">
            <render_choice>
              <response_label ident="text2qti_choice_d20dcedf888a1a4168bd7cb050bd7e513cf940937a00663c4734e3aafdc9fecb">
                <material>
                  <mattext texttype="text/html">&lt;p&gt;Diámetros exteriores&lt;/p&gt;</mattext>
                </material>
              </response_label>
              <response_label ident="text2qti_choice_f09360fa389514cc2a5fe5860085c3e92275617a45d054ee4a8c01437a9b5e86">
                <material>
                  <mattext texttype="text/html">&lt;p&gt;Diámetros interiores&lt;/p&gt;</mattext>
                </material>
              </response_label>
              <response_label ident="text2qti_choice_78a217564a8b13d55fe144c9fbd911eb5ad2d10fa00a124983dbd3783fdba22c">
                <material>
                  <mattext texttype="text/html">&lt;p&gt;Profundidades&lt;/p&gt;</mattext>
                </material>
              </response_label>
              <response_label ident="text2qti_choice_1678c32b82b8909213cc8e49c45079b02606181a9707843dfa751b946d6e86f1">
                <material>
                  <mattext texttype="text/html">&lt;p&gt;Ángulos&lt;/p&gt;</mattext>
                </material>
              </response_label>
              <response_label ident="text2qti_choice_c726275d584d1cb0c7df6d994ef68d217a8cb53a30ec31c726b1d43f717b2215">
                <material>
                  <mattext texttype="text/html">&lt;p&gt;Planitud&lt;/p&gt;</mattext>
                </material>
              </response_label>
            </render_choice>
          </response_lid>
        </presentation>
        <resprocessing>
          <outcomes>
            <decvar maxvalue="100" minvalue="0" varname="SCORE" vartype="Decimal"/>
          </outcomes>
          <respcondition continue="No">
            <conditionvar>
              <and>
                <varequal respident="response1">text2qti_choice_d20dcedf888a1a4168bd7cb050bd7e513cf940937a00663c4734e3aafdc9fecb</varequal>
                <varequal respident="response1">text2qti_choice_f09360fa389514cc2a5fe5860085c3e92275617a45d054ee4a8c01437a9b5e86</varequal>
                <varequal respident="response1">text2qti_choice_78a217564a8b13d55fe144c9fbd911eb5ad2d10fa00a124983dbd3783fdba22c</varequal>
                <not>
                  <varequal respident="response1">text2qti_choice_1678c32b82b8909213cc8e49c45079b02606181a9707843dfa751b946d6e86f1</varequal>
                </not>
                <not>
                  <varequal respident="response1">text2qti_choice_c726275d584d1cb0c7df6d994ef68d217a8cb53a30ec31c726b1d43f717b2215</varequal>
                </not>
              </and>
            </conditionvar>
            <setvar action="Set" varname="SCORE">100</setvar>
          </respcondition>
        </resprocessing>
      </item>
      <item ident="text2qti_question_e65fb43e274257acfdb40b424c87258db8adff8971eac187e22c612ae217c742" title="Question">
        <itemmetadata>
          <qtimetadata>
            <qtimetadatafield>
              <fieldlabel>question_type</fieldlabel>
              <fieldentry>multiple_choice_question</fieldentry>
            </qtimetadatafield>
            <qtimetadatafield>
              <fieldlabel>points_possible</fieldlabel>
              <fieldentry>1</fieldentry>
            </qtimetadatafield>
            <qtimetadatafield>
              <fieldlabel>original_answer_ids</fieldlabel>
              <fieldentry>text2qti_choice_614ed45dab60cfd845311956ebc62c6b005b14a1033e9363ac65706451a586eb,text2qti_choice_f299880d27529613d511a3533af7f6b89472bd821f56e471c3988e8dde55a17b,text2qti_choice_5949d52a123435e77ae74a6e8433ea39d5264ad485a9520bfeb68f7b3faa2c83,text2qti_choice_0c4f2e9be4c3d2e05c516b91d75de78475f9430eef3ead56246e2609ac0dff75</fieldentry>
            </qtimetadatafield>
            <qtimetadatafield>
              <fieldlabel>assessment_question_identifierref</fieldlabel>
              <fieldentry>text2qti_question_ref_e65fb43e274257acfdb40b424c87258db8adff8971eac187e22c612ae217c742</fieldentry>
            </qtimetadatafield>
          </qtimetadata>
        </itemmetadata>
        <presentation>
          <material>
            <mattext texttype="text/html">&lt;p&gt;¿Qué herramienta se usa para marcar puntos de referencia sobre una pieza metálica?&lt;/p&gt;</mattext>
          </material>
          <response_lid ident="response1" rcardinality="Single">
            <render_choice>
              <response_label ident="text2qti_choice_614ed45dab60cfd845311956ebc62c6b005b14a1033e9363ac65706451a586eb">
                <material>
                  <mattext texttype="text/html">&lt;p&gt;Punta de marcar&lt;/p&gt;</mattext>
                </material>
              </response_label>
              <response_label ident="text2qti_choice_f299880d27529613d511a3533af7f6b89472bd821f56e471c3988e8dde55a17b">
                <material>
                  <mattext texttype="text/html">&lt;p&gt;Lima&lt;/p&gt;</mattext>
                </material>
              </response_label>
              <response_label ident="text2qti_choice_5949d52a123435e77ae74a6e8433ea39d5264ad485a9520bfeb68f7b3faa2c83">
                <material>
                  <mattext texttype="text/html">&lt;p&gt;Cortafrío&lt;/p&gt;</mattext>
                </material>
              </response_label>
              <response_label ident="text2qti_choice_0c4f2e9be4c3d2e05c516b91d75de78475f9430eef3ead56246e2609ac0dff75">
                <material>
                  <mattext texttype="text/html">&lt;p&gt;Cincel&lt;/p&gt;</mattext>
                </material>
              </response_label>
            </render_choice>
          </response_lid>
        </presentation>
        <resprocessing>
          <outcomes>
            <decvar maxvalue="100" minvalue="0" varname="SCORE" vartype="Decimal"/>
          </outcomes>
          <respcondition continue="No">
            <conditionvar>
              <varequal respident="response1">text2qti_choice_614ed45dab60cfd845311956ebc62c6b005b14a1033e9363ac65706451a586eb</varequal>
            </conditionvar>
            <setvar action="Set" varname="SCORE">100</setvar>
          </respcondition>
        </resprocessing>
      </item>
    </section>
    <section ident="text2qti_group_742b04dd4016a1de14cea94289d392db5b497d54a53344d734f11de2da5da939" title="Group">
      <selection_ordering>
        <selection>
          <selection_number>2</selection_number>
          <selection_extension>
            <points_per_item>1</points_per_item>
          </selection_extension>
        </selection>
      </selection_ordering>
      <item ident="text2qti_question_a98dc17d4a6c2a02d9258a0f09ce813360ee7bff2149fc6a58c0fe16b8b7a315" title="Question">
        <itemmetadata>
          <qtimetadata>
            <qtimetadatafield>
              <fieldlabel>question_type</fieldlabel>
              <fieldentry>short_answer_question</fieldentry>
            </qtimetadatafield>
            <qtimetadatafield>
              <fieldlabel>points_possible</fieldlabel>
              <fieldentry>1</fieldentry>
            </qtimetadatafield>
            <qtimetadatafield>
              <fieldlabel>original_answer_ids</fieldlabel>
              <fieldentry>text2qti_choice_45a97c000b9f2e487f487285f5ed3ba8f66e27e96221deb109a89f750173a13d,text2qti_choice_9d90bcd224cafaacafce04b8f7af6cb3f47498df0b58aebb5125181f5a55d303</fieldentry>
            </qtimetadatafield>
            <qtimetadatafield>
              <fieldlabel>assessment_question_identifierref</fieldlabel>
              <fieldentry>text2qti_question_ref_a98dc17d4a6c2a02d9258a0f09ce813360ee7bff2149fc6a58c0fe16b8b7a315</fieldentry>
            </qtimetadatafield>
          </qtimetadata>
        </itemmetadata>
        <presentation>
          <material>
            <mattext texttype="text/html">&lt;p&gt;Poner la palabra que falta en minúscula: La sierra _____ corta metal, madera o plástico.&lt;/p&gt;</mattext>
          </material>
          <response_str ident="response1" rcardinality="Single">
            <render_fib>
              <response_label ident="answer1" rshuffle="No"/>
            </render_fib>
          </response_str>
        </presentation>
        <resprocessing>
          <outcomes>
            <decvar maxvalue="100" minvalue="0" varname="SCORE" vartype="Decimal"/>
          </outcomes>
          <respcondition continue="No">
            <conditionvar>
              <varequal respident="response1">Manual</varequal>
              <varequal respident="response1">manual</varequal>
            </conditionvar>
            <setvar action="Set" varname="SCORE">100</setvar>
          </respcondition>
        </resprocessing>
      </item>
      <item ident="text2qti_question_0ad64a9c7daa0f51282bec25c39a1fd1cdb66e32b641e1dff766ba2c4c07a2d5" title="Question">
        <itemmetadata>
          <qtimetadata>
            <qtimetadatafield>
              <fieldlabel>question_type</fieldlabel>
              <fieldentry>multiple_choice_question</fieldentry>
            </qtimetadatafield>
            <qtimetadatafield>
              <fieldlabel>points_possible</fieldlabel>
              <fieldentry>1</fieldentry>
            </qtimetadatafield>
            <qtimetadatafield>
              <fieldlabel>original_answer_ids</fieldlabel>
              <fieldentry>text2qti_choice_98ab998b36ec03c7c4ca8f4e4d736ef6417a11865909de598d363109e4bdd58c,text2qti_choice_a15fcb9de741042dcebc009be43170a5b0ca6fa3793d006a5dc57277375f37e2,text2qti_choice_3fa1b03896856ebe2c59152de6087480040b7ceb465011e700e9067490832b56,text2qti_choice_39bf3fb603f396b83d4b7af321bfb7ffbb951ea42207e49eaf237f0314795350</fieldentry>
            </qtimetadatafield>
            <qtimetadatafield>
              <fieldlabel>assessment_question_identifierref</fieldlabel>
              <fieldentry>text2qti_question_ref_0ad64a9c7daa0f51282bec25c39a1fd1cdb66e32b641e1dff766ba2c4c07a2d5</fieldentry>
            </qtimetadatafield>
          </qtimetadata>
        </itemmetadata>
        <presentation>
          <material>
            <mattext texttype="text/html">&lt;p&gt;Selecciona la opción correcta. ¿Qué herramienta manual corta metal golpeando?&lt;/p&gt;</mattext>
          </material>
          <response_lid ident="response1" rcardinality="Single">
            <render_choice>
              <response_label ident="text2qti_choice_98ab998b36ec03c7c4ca8f4e4d736ef6417a11865909de598d363109e4bdd58c">
                <material>
                  <mattext texttype="text/html">&lt;p&gt;Lima&lt;/p&gt;</mattext>
                </material>
              </response_label>
              <response_label ident="text2qti_choice_a15fcb9de741042dcebc009be43170a5b0ca6fa3793d006a5dc57277375f37e2">
                <material>
                  <mattext texttype="text/html">&lt;p&gt;Cortafrío&lt;/p&gt;</mattext>
                </material>
              </response_label>
              <response_label ident="text2qti_choice_3fa1b03896856ebe2c59152de6087480040b7ceb465011e700e9067490832b56">
                <material>
                  <mattext texttype="text/html">&lt;p&gt;Sierra manual&lt;/p&gt;</mattext>
                </material>
              </response_label>
              <response_label ident="text2qti_choice_39bf3fb603f396b83d4b7af321bfb7ffbb951ea42207e49eaf237f0314795350">
                <material>
                  <mattext texttype="text/html">&lt;p&gt;Martillo&lt;/p&gt;</mattext>
                </material>
              </response_label>
            </render_choice>
          </response_lid>
        </presentation>
        <resprocessing>
          <outcomes>
            <decvar maxvalue="100" minvalue="0" varname="SCORE" vartype="Decimal"/>
          </outcomes>
          <respcondition continue="No">
            <conditionvar>
              <varequal respident="response1">text2qti_choice_a15fcb9de741042dcebc009be43170a5b0ca6fa3793d006a5dc57277375f37e2</varequal>
            </conditionvar>
            <setvar action="Set" varname="SCORE">100</setvar>
          </respcondition>
        </resprocessing>
      </item>
      <item ident="text2qti_question_67b7f79d200e327bf9ae95247b7b5e8f981f6776ec77424db628ff7d6eb60f00" title="Question">
        <itemmetadata>
          <qtimetadata>
            <qtimetadatafield>
              <fieldlabel>question_type</fieldlabel>
              <fieldentry>multiple_answers_question</fieldentry>
            </qtimetadatafield>
            <qtimetadatafield>
              <fieldlabel>points_possible</fieldlabel>
              <fieldentry>1</fieldentry>
            </qtimetadatafield>
            <qtimetadatafield>
              <fieldlabel>original_answer_ids</fieldlabel>
              <fieldentry>text2qti_choice_ed7bfaf1d591edd0dfdcb5a152d43072c6ccf6e93ae26ce237a3db94c16a7225,text2qti_choice_32a31506a54029eaac586b59803ab7df1d9f6731fb6b72464c559fa5143ce54b,text2qti_choice_1c05420ac0463314b43effc61da227c840245ead190ad64db40740c299277397,text2qti_choice_fd2430df30eed7c99fc03ed34e799c1ccd4e65a1578593ba835a9f06b708bf0a,text2qti_choice_b240bf14944e0ceeae7b07ab552e23a235693dd8c36f52ca5787bd9a4eeaf654</fieldentry>
            </qtimetadatafield>
            <qtimetadatafield>
              <fieldlabel>assessment_question_identifierref</fieldlabel>
              <fieldentry>text2qti_question_ref_67b7f79d200e327bf9ae95247b7b5e8f981f6776ec77424db628ff7d6eb60f00</fieldentry>
            </qtimetadatafield>
          </qtimetadata>
        </itemmetadata>
        <presentation>
          <material>
            <mattext texttype="text/html">&lt;p&gt;Elige todas las opciones correctas. Entre las herramientas o máquinas de corte por abrasión encontramos:&lt;/p&gt;</mattext>
          </material>
          <response_lid ident="response1" rcardinality="Multiple">
            <render_choice>
              <response_label ident="text2qti_choice_ed7bfaf1d591edd0dfdcb5a152d43072c6ccf6e93ae26ce237a3db94c16a7225">
                <material>
                  <mattext texttype="text/html">&lt;p&gt;Lima&lt;/p&gt;</mattext>
                </material>
              </response_label>
              <response_label ident="text2qti_choice_32a31506a54029eaac586b59803ab7df1d9f6731fb6b72464c559fa5143ce54b">
                <material>
                  <mattext texttype="text/html">&lt;p&gt;Amoladora de banco&lt;/p&gt;</mattext>
                </material>
              </response_label>
              <response_label ident="text2qti_choice_1c05420ac0463314b43effc61da227c840245ead190ad64db40740c299277397">
                <material>
                  <mattext texttype="text/html">&lt;p&gt;Lijas&lt;/p&gt;</mattext>
                </material>
              </response_label>
              <response_label ident="text2qti_choice_fd2430df30eed7c99fc03ed34e799c1ccd4e65a1578593ba835a9f06b708bf0a">
                <material>
                  <mattext texttype="text/html">&lt;p&gt;Buril&lt;/p&gt;</mattext>
                </material>
              </response_label>
              <response_label ident="text2qti_choice_b240bf14944e0ceeae7b07ab552e23a235693dd8c36f52ca5787bd9a4eeaf654">
                <material>
                  <mattext texttype="text/html">&lt;p&gt;Sierra manual&lt;/p&gt;</mattext>
                </material>
              </response_label>
            </render_choice>
          </response_lid>
        </presentation>
        <resprocessing>
          <outcomes>
            <decvar maxvalue="100" minvalue="0" varname="SCORE" vartype="Decimal"/>
          </outcomes>
          <respcondition continue="No">
            <conditionvar>
              <and>
                <not>
                  <varequal respident="response1">text2qti_choice_ed7bfaf1d591edd0dfdcb5a152d43072c6ccf6e93ae26ce237a3db94c16a7225</varequal>
                </not>
                <varequal respident="response1">text2qti_choice_32a31506a54029eaac586b59803ab7df1d9f6731fb6b72464c559fa5143ce54b</varequal>
                <varequal respident="response1">text2qti_choice_1c05420ac0463314b43effc61da227c840245ead190ad64db40740c299277397</varequal>
                <not>
                  <varequal respident="response1">text2qti_choice_fd2430df30eed7c99fc03ed34e799c1ccd4e65a1578593ba835a9f06b708bf0a</varequal>
                </not>
                <not>
                  <varequal respident="response1">text2qti_choice_b240bf14944e0ceeae7b07ab552e23a235693dd8c36f52ca5787bd9a4eeaf654</varequal>
                </not>
              </and>
            </conditionvar>
            <setvar action="Set" varname="SCORE">100</setvar>
          </respcondition>
        </resprocessing>
      </item>
      <item ident="text2qti_question_afbb05de8a2466127e927b238a9f365e6157b47f2ae83ff8fbe7a1935a79db2d" title="Question">
        <itemmetadata>
          <qtimetadata>
            <qtimetadatafield>
              <fieldlabel>question_type</fieldlabel>
              <fieldentry>multiple_choice_question</fieldentry>
            </qtimetadatafield>
            <qtimetadatafield>
              <fieldlabel>points_possible</fieldlabel>
              <fieldentry>1</fieldentry>
            </qtimetadatafield>
            <qtimetadatafield>
              <fieldlabel>original_answer_ids</fieldlabel>
              <fieldentry>text2qti_choice_e6324267d064f96606361cc98dcfd889ee63fea7b0bd099ca3b5edf865ef4c91,text2qti_choice_1fcc892bf1f3735d0b0854a0795fe3123eef98873a5fe064bb90204a36f08c19,text2qti_choice_18c70a82736a9101c3faf61e979a531b6b0c7aa727aecbf106223e371bf0f880,text2qti_choice_8626c6b32eb1b329a518146dbcd0dc0f1e2fb25564f3ea12f6785b200f979337</fieldentry>
            </qtimetadatafield>
            <qtimetadatafield>
              <fieldlabel>assessment_question_identifierref</fieldlabel>
              <fieldentry>text2qti_question_ref_afbb05de8a2466127e927b238a9f365e6157b47f2ae83ff8fbe7a1935a79db2d</fieldentry>
            </qtimetadatafield>
          </qtimetadata>
        </itemmetadata>
        <presentation>
          <material>
            <mattext texttype="text/html">&lt;p&gt;Selecciona la opción correcta. ¿Cuál de estas máquinas se considera una máquina-herramienta en la industria?&lt;/p&gt;</mattext>
          </material>
          <response_lid ident="response1" rcardinality="Single">
            <render_choice>
              <response_label ident="text2qti_choice_e6324267d064f96606361cc98dcfd889ee63fea7b0bd099ca3b5edf865ef4c91">
                <material>
                  <mattext texttype="text/html">&lt;p&gt;Amoladora angular&lt;/p&gt;</mattext>
                </material>
              </response_label>
              <response_label ident="text2qti_choice_1fcc892bf1f3735d0b0854a0795fe3123eef98873a5fe064bb90204a36f08c19">
                <material>
                  <mattext texttype="text/html">&lt;p&gt;Taladro portátil&lt;/p&gt;</mattext>
                </material>
              </response_label>
              <response_label ident="text2qti_choice_18c70a82736a9101c3faf61e979a531b6b0c7aa727aecbf106223e371bf0f880">
                <material>
                  <mattext texttype="text/html">&lt;p&gt;Torno&lt;/p&gt;</mattext>
                </material>
              </response_label>
              <response_label ident="text2qti_choice_8626c6b32eb1b329a518146dbcd0dc0f1e2fb25564f3ea12f6785b200f979337">
                <material>
                  <mattext texttype="text/html">&lt;p&gt;Gato mecánico&lt;/p&gt;</mattext>
                </material>
              </response_label>
            </render_choice>
          </response_lid>
        </presentation>
        <resprocessing>
          <outcomes>
            <decvar maxvalue="100" minvalue="0" varname="SCORE" vartype="Decimal"/>
          </outcomes>
          <respcondition continue="No">
            <conditionvar>
              <varequal respident="response1">text2qti_choice_18c70a82736a9101c3faf61e979a531b6b0c7aa727aecbf106223e371bf0f880</varequal>
            </conditionvar>
            <setvar action="Set" varname="SCORE">100</setvar>
          </respcondition>
        </resprocessing>
      </item>
      <item ident="text2qti_question_672e44f7a671fdb14f93dc10df4464b93ff7730102dbfcd3c9921010c3ae6174" title="Question">
        <itemmetadata>
          <qtimetadata>
            <qtimetadatafield>
              <fieldlabel>question_type</fieldlabel>
              <fieldentry>short_answer_question</fieldentry>
            </qtimetadatafield>
            <qtimetadatafield>
              <fieldlabel>points_possible</fieldlabel>
              <fieldentry>1</fieldentry>
            </qtimetadatafield>
            <qtimetadatafield>
              <fieldlabel>original_answer_ids</fieldlabel>
              <fieldentry>text2qti_choice_59caf679a549268e29124d9ec0a8bb5a9d2af146a24ab055e447811c230ddf0a,text2qti_choice_8f7314eada8b68a56ebdecd65a50c994a6bedc682b49cb2bf83b7523f9208e2d</fieldentry>
            </qtimetadatafield>
            <qtimetadatafield>
              <fieldlabel>assessment_question_identifierref</fieldlabel>
              <fieldentry>text2qti_question_ref_672e44f7a671fdb14f93dc10df4464b93ff7730102dbfcd3c9921010c3ae6174</fieldentry>
            </qtimetadatafield>
          </qtimetadata>
        </itemmetadata>
        <presentation>
          <material>
            <mattext texttype="text/html">&lt;p&gt;¿Qué herramienta se utiliza para cortar metal en frío con golpes? Poner la respuesta en minúscula con ortografía correcta.&lt;/p&gt;</mattext>
          </material>
          <response_str ident="response1" rcardinality="Single">
            <render_fib>
              <response_label ident="answer1" rshuffle="No"/>
            </render_fib>
          </response_str>
        </presentation>
        <resprocessing>
          <outcomes>
            <decvar maxvalue="100" minvalue="0" varname="SCORE" vartype="Decimal"/>
          </outcomes>
          <respcondition continue="No">
            <conditionvar>
              <varequal respident="response1">cortafrío</varequal>
              <varequal respident="response1">Cortafrío</varequal>
            </conditionvar>
            <setvar action="Set" varname="SCORE">100</setvar>
          </respcondition>
        </resprocessing>
      </item>
    </section>
    <section ident="text2qti_group_e184822860ebdb517cda63dfa33e60b14e6b6aba59dbb2898cb71b5f4c3d42d6" title="Group">
      <selection_ordering>
        <selection>
          <selection_number>2</selection_number>
          <selection_extension>
            <points_per_item>1</points_per_item>
          </selection_extension>
        </selection>
      </selection_ordering>
      <item ident="text2qti_question_60883c9bd3a29a93cd0ef6070932ec3a9d20db4a30612261f0e83c272d2e32c2" title="Question">
        <itemmetadata>
          <qtimetadata>
            <qtimetadatafield>
              <fieldlabel>question_type</fieldlabel>
              <fieldentry>multiple_choice_question</fieldentry>
            </qtimetadatafield>
            <qtimetadatafield>
              <fieldlabel>points_possible</fieldlabel>
              <fieldentry>1</fieldentry>
            </qtimetadatafield>
            <qtimetadatafield>
              <fieldlabel>original_answer_ids</fieldlabel>
              <fieldentry>text2qti_choice_125a3701caf5e8293fe513a14a47410c8c562e0d414834b33be07814e2c23720,text2qti_choice_9f87e17990d9799696ea4798d0ff3191ef4ef591f2c6c4eeca617f0e409f5114,text2qti_choice_c5da0e423b521d5ca1819458132a78f343e290fc5a43ad55eefdb95b1864f012,text2qti_choice_7e47043341d57188b48a0a7af9c442d404cd5c92ade555d8f6f7884245d6b4e0</fieldentry>
            </qtimetadatafield>
            <qtimetadatafield>
              <fieldlabel>assessment_question_identifierref</fieldlabel>
              <fieldentry>text2qti_question_ref_60883c9bd3a29a93cd0ef6070932ec3a9d20db4a30612261f0e83c272d2e32c2</fieldentry>
            </qtimetadatafield>
          </qtimetadata>
        </itemmetadata>
        <presentation>
          <material>
            <mattext texttype="text/html">&lt;p&gt;Selecciona la opción correcta. ¿Qué tipo de soldadora utiliza oxígeno y acetileno para fundir el metal?&lt;/p&gt;</mattext>
          </material>
          <response_lid ident="response1" rcardinality="Single">
            <render_choice>
              <response_label ident="text2qti_choice_125a3701caf5e8293fe513a14a47410c8c562e0d414834b33be07814e2c23720">
                <material>
                  <mattext texttype="text/html">&lt;p&gt;Inverter&lt;/p&gt;</mattext>
                </material>
              </response_label>
              <response_label ident="text2qti_choice_9f87e17990d9799696ea4798d0ff3191ef4ef591f2c6c4eeca617f0e409f5114">
                <material>
                  <mattext texttype="text/html">&lt;p&gt;Autógena&lt;/p&gt;</mattext>
                </material>
              </response_label>
              <response_label ident="text2qti_choice_c5da0e423b521d5ca1819458132a78f343e290fc5a43ad55eefdb95b1864f012">
                <material>
                  <mattext texttype="text/html">&lt;p&gt;De banco&lt;/p&gt;</mattext>
                </material>
              </response_label>
              <response_label ident="text2qti_choice_7e47043341d57188b48a0a7af9c442d404cd5c92ade555d8f6f7884245d6b4e0">
                <material>
                  <mattext texttype="text/html">&lt;p&gt;De hilo&lt;/p&gt;</mattext>
                </material>
              </response_label>
            </render_choice>
          </response_lid>
        </presentation>
        <resprocessing>
          <outcomes>
            <decvar maxvalue="100" minvalue="0" varname="SCORE" vartype="Decimal"/>
          </outcomes>
          <respcondition continue="No">
            <conditionvar>
              <varequal respident="response1">text2qti_choice_9f87e17990d9799696ea4798d0ff3191ef4ef591f2c6c4eeca617f0e409f5114</varequal>
            </conditionvar>
            <setvar action="Set" varname="SCORE">100</setvar>
          </respcondition>
        </resprocessing>
      </item>
      <item ident="text2qti_question_afdfeba1a714a896373f2acabf5f9aa4470762510c969e5de652daff7d3fc58c" title="Question">
        <itemmetadata>
          <qtimetadata>
            <qtimetadatafield>
              <fieldlabel>question_type</fieldlabel>
              <fieldentry>multiple_answers_question</fieldentry>
            </qtimetadatafield>
            <qtimetadatafield>
              <fieldlabel>points_possible</fieldlabel>
              <fieldentry>1</fieldentry>
            </qtimetadatafield>
            <qtimetadatafield>
              <fieldlabel>original_answer_ids</fieldlabel>
              <fieldentry>text2qti_choice_ac84e4e8e74465f711a53c67ec8c8242a6cb87fbaa72fc5afeb75405335ab2c8,text2qti_choice_11c82d1fb9d4d953671caa915fe3155da3d4ca93de50e6fc77129cee8d8accc3,text2qti_choice_efc2d2f8a778dac9a78d2906afa3e4c16be70843c774bb03ff879786591ca7ae,text2qti_choice_6278dd25df8df93b4bc76f486780c7bb573038fc195dbadd849bd8c83c0db617</fieldentry>
            </qtimetadatafield>
            <qtimetadatafield>
              <fieldlabel>assessment_question_identifierref</fieldlabel>
              <fieldentry>text2qti_question_ref_afdfeba1a714a896373f2acabf5f9aa4470762510c969e5de652daff7d3fc58c</fieldentry>
            </qtimetadatafield>
          </qtimetadata>
        </itemmetadata>
        <presentation>
          <material>
            <mattext texttype="text/html">&lt;p&gt;Elige todas las opciones correctas. Una soldadora inverter funciona:&lt;/p&gt;</mattext>
          </material>
          <response_lid ident="response1" rcardinality="Multiple">
            <render_choice>
              <response_label ident="text2qti_choice_ac84e4e8e74465f711a53c67ec8c8242a6cb87fbaa72fc5afeb75405335ab2c8">
                <material>
                  <mattext texttype="text/html">&lt;p&gt;Mediante arco eléctrico&lt;/p&gt;</mattext>
                </material>
              </response_label>
              <response_label ident="text2qti_choice_11c82d1fb9d4d953671caa915fe3155da3d4ca93de50e6fc77129cee8d8accc3">
                <material>
                  <mattext texttype="text/html">&lt;p&gt;Fundiendo electrodo y material base&lt;/p&gt;</mattext>
                </material>
              </response_label>
              <response_label ident="text2qti_choice_efc2d2f8a778dac9a78d2906afa3e4c16be70843c774bb03ff879786591ca7ae">
                <material>
                  <mattext texttype="text/html">&lt;p&gt;Usando gases oxígeno–acetileno&lt;/p&gt;</mattext>
                </material>
              </response_label>
              <response_label ident="text2qti_choice_6278dd25df8df93b4bc76f486780c7bb573038fc195dbadd849bd8c83c0db617">
                <material>
                  <mattext texttype="text/html">&lt;p&gt;Por abrasión de discos&lt;/p&gt;</mattext>
                </material>
              </response_label>
            </render_choice>
          </response_lid>
        </presentation>
        <resprocessing>
          <outcomes>
            <decvar maxvalue="100" minvalue="0" varname="SCORE" vartype="Decimal"/>
          </outcomes>
          <respcondition continue="No">
            <conditionvar>
              <and>
                <varequal respident="response1">text2qti_choice_ac84e4e8e74465f711a53c67ec8c8242a6cb87fbaa72fc5afeb75405335ab2c8</varequal>
                <varequal respident="response1">text2qti_choice_11c82d1fb9d4d953671caa915fe3155da3d4ca93de50e6fc77129cee8d8accc3</varequal>
                <not>
                  <varequal respident="response1">text2qti_choice_efc2d2f8a778dac9a78d2906afa3e4c16be70843c774bb03ff879786591ca7ae</varequal>
                </not>
                <not>
                  <varequal respident="response1">text2qti_choice_6278dd25df8df93b4bc76f486780c7bb573038fc195dbadd849bd8c83c0db617</varequal>
                </not>
              </and>
            </conditionvar>
            <setvar action="Set" varname="SCORE">100</setvar>
          </respcondition>
        </resprocessing>
      </item>
      <item ident="text2qti_question_1a177869e492a08a6f27d676b89c6ef7a9f21cad7663709a7b445722ec539ecc" title="Question">
        <itemmetadata>
          <qtimetadata>
            <qtimetadatafield>
              <fieldlabel>question_type</fieldlabel>
              <fieldentry>short_answer_question</fieldentry>
            </qtimetadatafield>
            <qtimetadatafield>
              <fieldlabel>points_possible</fieldlabel>
              <fieldentry>1</fieldentry>
            </qtimetadatafield>
            <qtimetadatafield>
              <fieldlabel>original_answer_ids</fieldlabel>
              <fieldentry>text2qti_choice_51ac7fe1de29540156f11fe11f136b67d2a7bffea30ab35b8992124b7d6155bb,text2qti_choice_0719ad2e797b876a22556ec130138ca3f36b1f5a0f76cdb9aa9d0a378061e3c6</fieldentry>
            </qtimetadatafield>
            <qtimetadatafield>
              <fieldlabel>assessment_question_identifierref</fieldlabel>
              <fieldentry>text2qti_question_ref_1a177869e492a08a6f27d676b89c6ef7a9f21cad7663709a7b445722ec539ecc</fieldentry>
            </qtimetadatafield>
          </qtimetadata>
        </itemmetadata>
        <presentation>
          <material>
            <mattext texttype="text/html">&lt;p&gt;Pon la palabra que falta en minúscula: La soldadura es un proceso que une piezas metálicas por _____ sin necesidad de presión mecánica externa.&lt;/p&gt;</mattext>
          </material>
          <response_str ident="response1" rcardinality="Single">
            <render_fib>
              <response_label ident="answer1" rshuffle="No"/>
            </render_fib>
          </response_str>
        </presentation>
        <resprocessing>
          <outcomes>
            <decvar maxvalue="100" minvalue="0" varname="SCORE" vartype="Decimal"/>
          </outcomes>
          <respcondition continue="No">
            <conditionvar>
              <varequal respident="response1">calor</varequal>
              <varequal respident="response1">Calor</varequal>
            </conditionvar>
            <setvar action="Set" varname="SCORE">100</setvar>
          </respcondition>
        </resprocessing>
      </item>
      <item ident="text2qti_question_973a88154db0479edf8d1d8d892bd0a5bd2403ba3062fb8392e14ac9ba8e0e76" title="Question">
        <itemmetadata>
          <qtimetadata>
            <qtimetadatafield>
              <fieldlabel>question_type</fieldlabel>
              <fieldentry>multiple_choice_question</fieldentry>
            </qtimetadatafield>
            <qtimetadatafield>
              <fieldlabel>points_possible</fieldlabel>
              <fieldentry>1</fieldentry>
            </qtimetadatafield>
            <qtimetadatafield>
              <fieldlabel>original_answer_ids</fieldlabel>
              <fieldentry>text2qti_choice_7dc38b60b30befddbbe15a2fcee8232541adef0689a48005e51ae1d2d0981622,text2qti_choice_f9ba36d0270ce01953262ce334c8db52b303227444cff5a82f601dd050687a55,text2qti_choice_cda86c1201fc4f73cdf652fdb82cacc8f6964e66479a89604b33df92fcde5d24,text2qti_choice_a3014b30bb5086d4b7c66017751947133f6e636e5ef027fca250da86d149093b</fieldentry>
            </qtimetadatafield>
            <qtimetadatafield>
              <fieldlabel>assessment_question_identifierref</fieldlabel>
              <fieldentry>text2qti_question_ref_973a88154db0479edf8d1d8d892bd0a5bd2403ba3062fb8392e14ac9ba8e0e76</fieldentry>
            </qtimetadatafield>
          </qtimetadata>
        </itemmetadata>
        <presentation>
          <material>
            <mattext texttype="text/html">&lt;p&gt;Selecciona la opción correcta. ¿Cuál de estos equipos NO es un equipo de unión?&lt;/p&gt;</mattext>
          </material>
          <response_lid ident="response1" rcardinality="Single">
            <render_choice>
              <response_label ident="text2qti_choice_7dc38b60b30befddbbe15a2fcee8232541adef0689a48005e51ae1d2d0981622">
                <material>
                  <mattext texttype="text/html">&lt;p&gt;Soldadora inverter&lt;/p&gt;</mattext>
                </material>
              </response_label>
              <response_label ident="text2qti_choice_f9ba36d0270ce01953262ce334c8db52b303227444cff5a82f601dd050687a55">
                <material>
                  <mattext texttype="text/html">&lt;p&gt;Soldadora autógena&lt;/p&gt;</mattext>
                </material>
              </response_label>
              <response_label ident="text2qti_choice_cda86c1201fc4f73cdf652fdb82cacc8f6964e66479a89604b33df92fcde5d24">
                <material>
                  <mattext texttype="text/html">&lt;p&gt;Amoladora de banco&lt;/p&gt;</mattext>
                </material>
              </response_label>
              <response_label ident="text2qti_choice_a3014b30bb5086d4b7c66017751947133f6e636e5ef027fca250da86d149093b">
                <material>
                  <mattext texttype="text/html">&lt;p&gt;Soldadora de oxígeno-acetileno&lt;/p&gt;</mattext>
                </material>
              </response_label>
            </render_choice>
          </response_lid>
        </presentation>
        <resprocessing>
          <outcomes>
            <decvar maxvalue="100" minvalue="0" varname="SCORE" vartype="Decimal"/>
          </outcomes>
          <respcondition continue="No">
            <conditionvar>
              <varequal respident="response1">text2qti_choice_cda86c1201fc4f73cdf652fdb82cacc8f6964e66479a89604b33df92fcde5d24</varequal>
            </conditionvar>
            <setvar action="Set" varname="SCORE">100</setvar>
          </respcondition>
        </resprocessing>
      </item>
    </section>
    <section ident="text2qti_group_8128f7bef8f1752514d1a1426e9acb9152e9825d431f0d3bfa5446f4d9741e2d" title="Group">
      <selection_ordering>
        <selection>
          <selection_number>1</selection_number>
          <selection_extension>
            <points_per_item>1</points_per_item>
          </selection_extension>
        </selection>
      </selection_ordering>
      <item ident="text2qti_question_63e1cc175477d899de6e4b4fed647123547502e19466a5b6c9b1903c0c131ddf" title="Question">
        <itemmetadata>
          <qtimetadata>
            <qtimetadatafield>
              <fieldlabel>question_type</fieldlabel>
              <fieldentry>multiple_choice_question</fieldentry>
            </qtimetadatafield>
            <qtimetadatafield>
              <fieldlabel>points_possible</fieldlabel>
              <fieldentry>1</fieldentry>
            </qtimetadatafield>
            <qtimetadatafield>
              <fieldlabel>original_answer_ids</fieldlabel>
              <fieldentry>text2qti_choice_06f6124373f5261f6194c2fc8fa3617c7a0265f1e55af859eb7a609ed04bf89e,text2qti_choice_2d16e12672f2b1c6bf6f31aae77380f3f3b8e924b1c589673eaa4c703c2e76de,text2qti_choice_b4fa85b89b71593dfbb128e647a4f4fc322bc783d3b25d78f1ee57206815be38,text2qti_choice_e106d4cfcb773b549f6c66e11e046a6cd6e8c709e81f2b35023f026b6d5e4b92</fieldentry>
            </qtimetadatafield>
            <qtimetadatafield>
              <fieldlabel>assessment_question_identifierref</fieldlabel>
              <fieldentry>text2qti_question_ref_63e1cc175477d899de6e4b4fed647123547502e19466a5b6c9b1903c0c131ddf</fieldentry>
            </qtimetadatafield>
          </qtimetadata>
        </itemmetadata>
        <presentation>
          <material>
            <mattext texttype="text/html">&lt;p&gt;Selecciona la opción correcta. ¿Qué máquina permite doblar o estampar una chapa metálica?&lt;/p&gt;</mattext>
          </material>
          <response_lid ident="response1" rcardinality="Single">
            <render_choice>
              <response_label ident="text2qti_choice_06f6124373f5261f6194c2fc8fa3617c7a0265f1e55af859eb7a609ed04bf89e">
                <material>
                  <mattext texttype="text/html">&lt;p&gt;Sierra de cinta&lt;/p&gt;</mattext>
                </material>
              </response_label>
              <response_label ident="text2qti_choice_2d16e12672f2b1c6bf6f31aae77380f3f3b8e924b1c589673eaa4c703c2e76de">
                <material>
                  <mattext texttype="text/html">&lt;p&gt;Banco de trabajo&lt;/p&gt;</mattext>
                </material>
              </response_label>
              <response_label ident="text2qti_choice_b4fa85b89b71593dfbb128e647a4f4fc322bc783d3b25d78f1ee57206815be38">
                <material>
                  <mattext texttype="text/html">&lt;p&gt;Prensa&lt;/p&gt;</mattext>
                </material>
              </response_label>
              <response_label ident="text2qti_choice_e106d4cfcb773b549f6c66e11e046a6cd6e8c709e81f2b35023f026b6d5e4b92">
                <material>
                  <mattext texttype="text/html">&lt;p&gt;Amoladora de banco&lt;/p&gt;</mattext>
                </material>
              </response_label>
            </render_choice>
          </response_lid>
        </presentation>
        <resprocessing>
          <outcomes>
            <decvar maxvalue="100" minvalue="0" varname="SCORE" vartype="Decimal"/>
          </outcomes>
          <respcondition continue="No">
            <conditionvar>
              <varequal respident="response1">text2qti_choice_b4fa85b89b71593dfbb128e647a4f4fc322bc783d3b25d78f1ee57206815be38</varequal>
            </conditionvar>
            <setvar action="Set" varname="SCORE">100</setvar>
          </respcondition>
        </resprocessing>
      </item>
      <item ident="text2qti_question_278458eabebe3b32d91b28d169e2363161f852136197de441d598641d0d5c044" title="Question">
        <itemmetadata>
          <qtimetadata>
            <qtimetadatafield>
              <fieldlabel>question_type</fieldlabel>
              <fieldentry>multiple_answers_question</fieldentry>
            </qtimetadatafield>
            <qtimetadatafield>
              <fieldlabel>points_possible</fieldlabel>
              <fieldentry>1</fieldentry>
            </qtimetadatafield>
            <qtimetadatafield>
              <fieldlabel>original_answer_ids</fieldlabel>
              <fieldentry>text2qti_choice_5e97d6dfb61f5518f37d23f4f58b09eae349e19578e339abebf95f1ff1747e11,text2qti_choice_4a7c01fb6f0c7b877ea0662980dc14c35ac3d7e12b57a071dcbcadbebea94358,text2qti_choice_4046d09be42e2e547c25eb6475ebd70d01ee3daf6e86342bc6e54d6b37c6a0aa,text2qti_choice_14b409a63d08bc83fe6bb083512e3449f2c14ffa20cccf3b62cfe95d1bfd714c,text2qti_choice_db95fdca656febc6307b4003672758cf40740cc31e6b6ad3e08b8c43c44c6a36</fieldentry>
            </qtimetadatafield>
            <qtimetadatafield>
              <fieldlabel>assessment_question_identifierref</fieldlabel>
              <fieldentry>text2qti_question_ref_278458eabebe3b32d91b28d169e2363161f852136197de441d598641d0d5c044</fieldentry>
            </qtimetadatafield>
          </qtimetadata>
        </itemmetadata>
        <presentation>
          <material>
            <mattext texttype="text/html">&lt;p&gt;Elige todas las opciones correctas. Son ejemplos de equipos de conformado:&lt;/p&gt;</mattext>
          </material>
          <response_lid ident="response1" rcardinality="Multiple">
            <render_choice>
              <response_label ident="text2qti_choice_5e97d6dfb61f5518f37d23f4f58b09eae349e19578e339abebf95f1ff1747e11">
                <material>
                  <mattext texttype="text/html">&lt;p&gt;Prensa&lt;/p&gt;</mattext>
                </material>
              </response_label>
              <response_label ident="text2qti_choice_4a7c01fb6f0c7b877ea0662980dc14c35ac3d7e12b57a071dcbcadbebea94358">
                <material>
                  <mattext texttype="text/html">&lt;p&gt;Equipo de forja&lt;/p&gt;</mattext>
                </material>
              </response_label>
              <response_label ident="text2qti_choice_4046d09be42e2e547c25eb6475ebd70d01ee3daf6e86342bc6e54d6b37c6a0aa">
                <material>
                  <mattext texttype="text/html">&lt;p&gt;Lima&lt;/p&gt;</mattext>
                </material>
              </response_label>
              <response_label ident="text2qti_choice_14b409a63d08bc83fe6bb083512e3449f2c14ffa20cccf3b62cfe95d1bfd714c">
                <material>
                  <mattext texttype="text/html">&lt;p&gt;Amoladora de banco&lt;/p&gt;</mattext>
                </material>
              </response_label>
              <response_label ident="text2qti_choice_db95fdca656febc6307b4003672758cf40740cc31e6b6ad3e08b8c43c44c6a36">
                <material>
                  <mattext texttype="text/html">&lt;p&gt;Morsa&lt;/p&gt;</mattext>
                </material>
              </response_label>
            </render_choice>
          </response_lid>
        </presentation>
        <resprocessing>
          <outcomes>
            <decvar maxvalue="100" minvalue="0" varname="SCORE" vartype="Decimal"/>
          </outcomes>
          <respcondition continue="No">
            <conditionvar>
              <and>
                <varequal respident="response1">text2qti_choice_5e97d6dfb61f5518f37d23f4f58b09eae349e19578e339abebf95f1ff1747e11</varequal>
                <varequal respident="response1">text2qti_choice_4a7c01fb6f0c7b877ea0662980dc14c35ac3d7e12b57a071dcbcadbebea94358</varequal>
                <not>
                  <varequal respident="response1">text2qti_choice_4046d09be42e2e547c25eb6475ebd70d01ee3daf6e86342bc6e54d6b37c6a0aa</varequal>
                </not>
                <not>
                  <varequal respident="response1">text2qti_choice_14b409a63d08bc83fe6bb083512e3449f2c14ffa20cccf3b62cfe95d1bfd714c</varequal>
                </not>
                <not>
                  <varequal respident="response1">text2qti_choice_db95fdca656febc6307b4003672758cf40740cc31e6b6ad3e08b8c43c44c6a36</varequal>
                </not>
              </and>
            </conditionvar>
            <setvar action="Set" varname="SCORE">100</setvar>
          </respcondition>
        </resprocessing>
      </item>
      <item ident="text2qti_question_3516b95a71e692607d4327a17917424791956dc2480b8cccd9c9669d5b21d7f3" title="Question">
        <itemmetadata>
          <qtimetadata>
            <qtimetadatafield>
              <fieldlabel>question_type</fieldlabel>
              <fieldentry>short_answer_question</fieldentry>
            </qtimetadatafield>
            <qtimetadatafield>
              <fieldlabel>points_possible</fieldlabel>
              <fieldentry>1</fieldentry>
            </qtimetadatafield>
            <qtimetadatafield>
              <fieldlabel>original_answer_ids</fieldlabel>
              <fieldentry>text2qti_choice_c147fc394cb9b173711ca2076c9643b550993b9aa8c008c73cfc35b216078873,text2qti_choice_99ae2b08aea1372115cc45e7717c0188a881b5d962ac81b840f804539abfaf8f,text2qti_choice_2a0a1a2269d7895c235c9364195c32d180b49ab68a7f8f7a30801e1297644370,text2qti_choice_d971e54af8e324683297b7c0b8c30651f55de9c138b138f7e3a6ebdea4c984c6</fieldentry>
            </qtimetadatafield>
            <qtimetadatafield>
              <fieldlabel>assessment_question_identifierref</fieldlabel>
              <fieldentry>text2qti_question_ref_3516b95a71e692607d4327a17917424791956dc2480b8cccd9c9669d5b21d7f3</fieldentry>
            </qtimetadatafield>
          </qtimetadata>
        </itemmetadata>
        <presentation>
          <material>
            <mattext texttype="text/html">&lt;p&gt;¿Cómo se llama el proceso de dar forma a un metal calentándolo al rojo y golpeándolo? Responde con una sola palabra en minúscula.&lt;/p&gt;</mattext>
          </material>
          <response_str ident="response1" rcardinality="Single">
            <render_fib>
              <response_label ident="answer1" rshuffle="No"/>
            </render_fib>
          </response_str>
        </presentation>
        <resprocessing>
          <outcomes>
            <decvar maxvalue="100" minvalue="0" varname="SCORE" vartype="Decimal"/>
          </outcomes>
          <respcondition continue="No">
            <conditionvar>
              <varequal respident="response1">Forjado</varequal>
              <varequal respident="response1">fojado</varequal>
              <varequal respident="response1">Forja</varequal>
              <varequal respident="response1">forja</varequal>
            </conditionvar>
            <setvar action="Set" varname="SCORE">100</setvar>
          </respcondition>
        </resprocessing>
      </item>
      <item ident="text2qti_question_bcb9e16e8a4f50ea925f506865608687f5acd7315e34f156eaccab787a9129a4" title="Question">
        <itemmetadata>
          <qtimetadata>
            <qtimetadatafield>
              <fieldlabel>question_type</fieldlabel>
              <fieldentry>multiple_choice_question</fieldentry>
            </qtimetadatafield>
            <qtimetadatafield>
              <fieldlabel>points_possible</fieldlabel>
              <fieldentry>1</fieldentry>
            </qtimetadatafield>
            <qtimetadatafield>
              <fieldlabel>original_answer_ids</fieldlabel>
              <fieldentry>text2qti_choice_4520b04211cc134e550eb5ebc9595553259e85e94b143848d00f5442bb530c4f,text2qti_choice_245e32209884d7241f8a208d3c37e9d8e3dcc75e7a46b656eca5201c588b35c4,text2qti_choice_f15141e5e76d00508fef2ac97acc1e4fd366910919bcde53d108921c763907f8,text2qti_choice_efcab00f16a72b6c3d33613de90d659e3a3c869c8f749d700d1835a87f75ae21</fieldentry>
            </qtimetadatafield>
            <qtimetadatafield>
              <fieldlabel>assessment_question_identifierref</fieldlabel>
              <fieldentry>text2qti_question_ref_bcb9e16e8a4f50ea925f506865608687f5acd7315e34f156eaccab787a9129a4</fieldentry>
            </qtimetadatafield>
          </qtimetadata>
        </itemmetadata>
        <presentation>
          <material>
            <mattext texttype="text/html">&lt;p&gt;Selecciona la opción correcta. En los procesos de conformado, a diferencia del mecanizado:&lt;/p&gt;</mattext>
          </material>
          <response_lid ident="response1" rcardinality="Single">
            <render_choice>
              <response_label ident="text2qti_choice_4520b04211cc134e550eb5ebc9595553259e85e94b143848d00f5442bb530c4f">
                <material>
                  <mattext texttype="text/html">&lt;p&gt;Siempre se quita viruta&lt;/p&gt;</mattext>
                </material>
              </response_label>
              <response_label ident="text2qti_choice_245e32209884d7241f8a208d3c37e9d8e3dcc75e7a46b656eca5201c588b35c4">
                <material>
                  <mattext texttype="text/html">&lt;p&gt;Se cambia la forma sin quitar viruta&lt;/p&gt;</mattext>
                </material>
              </response_label>
              <response_label ident="text2qti_choice_f15141e5e76d00508fef2ac97acc1e4fd366910919bcde53d108921c763907f8">
                <material>
                  <mattext texttype="text/html">&lt;p&gt;Solo se trabaja con plásticos&lt;/p&gt;</mattext>
                </material>
              </response_label>
              <response_label ident="text2qti_choice_efcab00f16a72b6c3d33613de90d659e3a3c869c8f749d700d1835a87f75ae21">
                <material>
                  <mattext texttype="text/html">&lt;p&gt;Se requieren instrumentos de medición&lt;/p&gt;</mattext>
                </material>
              </response_label>
            </render_choice>
          </response_lid>
        </presentation>
        <resprocessing>
          <outcomes>
            <decvar maxvalue="100" minvalue="0" varname="SCORE" vartype="Decimal"/>
          </outcomes>
          <respcondition continue="No">
            <conditionvar>
              <varequal respident="response1">text2qti_choice_245e32209884d7241f8a208d3c37e9d8e3dcc75e7a46b656eca5201c588b35c4</varequal>
            </conditionvar>
            <setvar action="Set" varname="SCORE">100</setvar>
          </respcondition>
        </resprocessing>
      </item>
    </section>
    <section ident="text2qti_group_958f9cbdf5141e47f9a726517cb352a8e2ab60d6fbeeaa6d0d274c18f2ed8292" title="Group">
      <selection_ordering>
        <selection>
          <selection_number>1</selection_number>
          <selection_extension>
            <points_per_item>1</points_per_item>
          </selection_extension>
        </selection>
      </selection_ordering>
      <item ident="text2qti_question_198af808d09ad727a62d2a1ce14fcf87c70663a651fc6d4c1a627c2dc04eecf7" title="Question">
        <itemmetadata>
          <qtimetadata>
            <qtimetadatafield>
              <fieldlabel>question_type</fieldlabel>
              <fieldentry>multiple_choice_question</fieldentry>
            </qtimetadatafield>
            <qtimetadatafield>
              <fieldlabel>points_possible</fieldlabel>
              <fieldentry>1</fieldentry>
            </qtimetadatafield>
            <qtimetadatafield>
              <fieldlabel>original_answer_ids</fieldlabel>
              <fieldentry>text2qti_choice_37fa542c72672aff879e0ca870573b416cca5a15053e775270e87196c8a590aa,text2qti_choice_51b71ee1dfb75a5c74c9d93efb52094a01269ee51f504f40a9c7bba780f7a110,text2qti_choice_6485b10dd33765ffaa53ec742f440a91338115bc508fc962a62450821ba752db,text2qti_choice_4f25b47385a0e11fbb10115b2787910a48b03b843d2b887c85d10500b57609df</fieldentry>
            </qtimetadatafield>
            <qtimetadatafield>
              <fieldlabel>assessment_question_identifierref</fieldlabel>
              <fieldentry>text2qti_question_ref_198af808d09ad727a62d2a1ce14fcf87c70663a651fc6d4c1a627c2dc04eecf7</fieldentry>
            </qtimetadatafield>
          </qtimetadata>
        </itemmetadata>
        <presentation>
          <material>
            <mattext texttype="text/html">&lt;p&gt;Selecciona la opción correcta. ¿Cuál de los siguientes es un equipo auxiliar y no de corte?&lt;/p&gt;</mattext>
          </material>
          <response_lid ident="response1" rcardinality="Single">
            <render_choice>
              <response_label ident="text2qti_choice_37fa542c72672aff879e0ca870573b416cca5a15053e775270e87196c8a590aa">
                <material>
                  <mattext texttype="text/html">&lt;p&gt;Amoladora&lt;/p&gt;</mattext>
                </material>
              </response_label>
              <response_label ident="text2qti_choice_51b71ee1dfb75a5c74c9d93efb52094a01269ee51f504f40a9c7bba780f7a110">
                <material>
                  <mattext texttype="text/html">&lt;p&gt;Torno&lt;/p&gt;</mattext>
                </material>
              </response_label>
              <response_label ident="text2qti_choice_6485b10dd33765ffaa53ec742f440a91338115bc508fc962a62450821ba752db">
                <material>
                  <mattext texttype="text/html">&lt;p&gt;Morsa&lt;/p&gt;</mattext>
                </material>
              </response_label>
              <response_label ident="text2qti_choice_4f25b47385a0e11fbb10115b2787910a48b03b843d2b887c85d10500b57609df">
                <material>
                  <mattext texttype="text/html">&lt;p&gt;Fresadora&lt;/p&gt;</mattext>
                </material>
              </response_label>
            </render_choice>
          </response_lid>
        </presentation>
        <resprocessing>
          <outcomes>
            <decvar maxvalue="100" minvalue="0" varname="SCORE" vartype="Decimal"/>
          </outcomes>
          <respcondition continue="No">
            <conditionvar>
              <varequal respident="response1">text2qti_choice_6485b10dd33765ffaa53ec742f440a91338115bc508fc962a62450821ba752db</varequal>
            </conditionvar>
            <setvar action="Set" varname="SCORE">100</setvar>
          </respcondition>
        </resprocessing>
      </item>
      <item ident="text2qti_question_902b4f29b6094833e7f715785d65aa4c453ea0b013f36f006716bba611a95bd5" title="Question">
        <itemmetadata>
          <qtimetadata>
            <qtimetadatafield>
              <fieldlabel>question_type</fieldlabel>
              <fieldentry>multiple_answers_question</fieldentry>
            </qtimetadatafield>
            <qtimetadatafield>
              <fieldlabel>points_possible</fieldlabel>
              <fieldentry>1</fieldentry>
            </qtimetadatafield>
            <qtimetadatafield>
              <fieldlabel>original_answer_ids</fieldlabel>
              <fieldentry>text2qti_choice_558b9d18f43ffc0c9b07fe73dd7eaf6a0e6fe58cdffbca19cb7389f8e08c99b0,text2qti_choice_1d37ee1d160ca1a7f1a461b4304748ddcddaac2467d036e3cdcab6b2ac3c1528,text2qti_choice_ba8263658c392eeb2a6bfcb1226c3fab4d06f79973392e89fe52a3497a508ca8,text2qti_choice_0e9b39f2413d35221e7cce281ad4720e18d2092350b3f6825c16414922c2811d,text2qti_choice_4f51715517abc962cd3ca866cfd68e746b05200017d6a98c6b7070cc51ce6c10</fieldentry>
            </qtimetadatafield>
            <qtimetadatafield>
              <fieldlabel>assessment_question_identifierref</fieldlabel>
              <fieldentry>text2qti_question_ref_902b4f29b6094833e7f715785d65aa4c453ea0b013f36f006716bba611a95bd5</fieldentry>
            </qtimetadatafield>
          </qtimetadata>
        </itemmetadata>
        <presentation>
          <material>
            <mattext texttype="text/html">&lt;p&gt;Elige todas las opciones correctas. Los equipos auxiliares se usan para:&lt;/p&gt;</mattext>
          </material>
          <response_lid ident="response1" rcardinality="Multiple">
            <render_choice>
              <response_label ident="text2qti_choice_558b9d18f43ffc0c9b07fe73dd7eaf6a0e6fe58cdffbca19cb7389f8e08c99b0">
                <material>
                  <mattext texttype="text/html">&lt;p&gt;Sujetar piezas&lt;/p&gt;</mattext>
                </material>
              </response_label>
              <response_label ident="text2qti_choice_1d37ee1d160ca1a7f1a461b4304748ddcddaac2467d036e3cdcab6b2ac3c1528">
                <material>
                  <mattext texttype="text/html">&lt;p&gt;Sostener el trabajo&lt;/p&gt;</mattext>
                </material>
              </response_label>
              <response_label ident="text2qti_choice_ba8263658c392eeb2a6bfcb1226c3fab4d06f79973392e89fe52a3497a508ca8">
                <material>
                  <mattext texttype="text/html">&lt;p&gt;Elevar cargas&lt;/p&gt;</mattext>
                </material>
              </response_label>
              <response_label ident="text2qti_choice_0e9b39f2413d35221e7cce281ad4720e18d2092350b3f6825c16414922c2811d">
                <material>
                  <mattext texttype="text/html">&lt;p&gt;Desbastar material&lt;/p&gt;</mattext>
                </material>
              </response_label>
              <response_label ident="text2qti_choice_4f51715517abc962cd3ca866cfd68e746b05200017d6a98c6b7070cc51ce6c10">
                <material>
                  <mattext texttype="text/html">&lt;p&gt;Soldar piezas&lt;/p&gt;</mattext>
                </material>
              </response_label>
            </render_choice>
          </response_lid>
        </presentation>
        <resprocessing>
          <outcomes>
            <decvar maxvalue="100" minvalue="0" varname="SCORE" vartype="Decimal"/>
          </outcomes>
          <respcondition continue="No">
            <conditionvar>
              <and>
                <varequal respident="response1">text2qti_choice_558b9d18f43ffc0c9b07fe73dd7eaf6a0e6fe58cdffbca19cb7389f8e08c99b0</varequal>
                <varequal respident="response1">text2qti_choice_1d37ee1d160ca1a7f1a461b4304748ddcddaac2467d036e3cdcab6b2ac3c1528</varequal>
                <varequal respident="response1">text2qti_choice_ba8263658c392eeb2a6bfcb1226c3fab4d06f79973392e89fe52a3497a508ca8</varequal>
                <not>
                  <varequal respident="response1">text2qti_choice_0e9b39f2413d35221e7cce281ad4720e18d2092350b3f6825c16414922c2811d</varequal>
                </not>
                <not>
                  <varequal respident="response1">text2qti_choice_4f51715517abc962cd3ca866cfd68e746b05200017d6a98c6b7070cc51ce6c10</varequal>
                </not>
              </and>
            </conditionvar>
            <setvar action="Set" varname="SCORE">100</setvar>
          </respcondition>
        </resprocessing>
      </item>
      <item ident="text2qti_question_ea75363f753dddc48782a623bd0061ce8ed4c82e99a0e25a7c4c1842ace81470" title="Question">
        <itemmetadata>
          <qtimetadata>
            <qtimetadatafield>
              <fieldlabel>question_type</fieldlabel>
              <fieldentry>multiple_choice_question</fieldentry>
            </qtimetadatafield>
            <qtimetadatafield>
              <fieldlabel>points_possible</fieldlabel>
              <fieldentry>1</fieldentry>
            </qtimetadatafield>
            <qtimetadatafield>
              <fieldlabel>original_answer_ids</fieldlabel>
              <fieldentry>text2qti_choice_0b71fec3ec8bbb51cc54dc09d229b415ba62db4d770dcc7d27a76a043eaa84ba,text2qti_choice_6f4efffd07e3910fddea242f427faa760c97c7c34c9f299a3c1e53e295f01b46,text2qti_choice_dfc4ed9afac55b9cbce69a836e09e1e1a99e00561f1c63d0463dc863d363ae5f,text2qti_choice_98e7933f6ce1d95e4d77d6feaf84d3c67e057383fb0e3bb9b264d4ebcc62bd71</fieldentry>
            </qtimetadatafield>
            <qtimetadatafield>
              <fieldlabel>assessment_question_identifierref</fieldlabel>
              <fieldentry>text2qti_question_ref_ea75363f753dddc48782a623bd0061ce8ed4c82e99a0e25a7c4c1842ace81470</fieldentry>
            </qtimetadatafield>
          </qtimetadata>
        </itemmetadata>
        <presentation>
          <material>
            <mattext texttype="text/html">&lt;p&gt;Selecciona la opción correcta. ¿Cuál de los siguientes se encuentra típicamente en un taller como equipo auxiliar?&lt;/p&gt;</mattext>
          </material>
          <response_lid ident="response1" rcardinality="Single">
            <render_choice>
              <response_label ident="text2qti_choice_0b71fec3ec8bbb51cc54dc09d229b415ba62db4d770dcc7d27a76a043eaa84ba">
                <material>
                  <mattext texttype="text/html">&lt;p&gt;Torno&lt;/p&gt;</mattext>
                </material>
              </response_label>
              <response_label ident="text2qti_choice_6f4efffd07e3910fddea242f427faa760c97c7c34c9f299a3c1e53e295f01b46">
                <material>
                  <mattext texttype="text/html">&lt;p&gt;Fresadora&lt;/p&gt;</mattext>
                </material>
              </response_label>
              <response_label ident="text2qti_choice_dfc4ed9afac55b9cbce69a836e09e1e1a99e00561f1c63d0463dc863d363ae5f">
                <material>
                  <mattext texttype="text/html">&lt;p&gt;Amoladora de banco&lt;/p&gt;</mattext>
                </material>
              </response_label>
              <response_label ident="text2qti_choice_98e7933f6ce1d95e4d77d6feaf84d3c67e057383fb0e3bb9b264d4ebcc62bd71">
                <material>
                  <mattext texttype="text/html">&lt;p&gt;Banco de trabajo&lt;/p&gt;</mattext>
                </material>
              </response_label>
            </render_choice>
          </response_lid>
        </presentation>
        <resprocessing>
          <outcomes>
            <decvar maxvalue="100" minvalue="0" varname="SCORE" vartype="Decimal"/>
          </outcomes>
          <respcondition continue="No">
            <conditionvar>
              <varequal respident="response1">text2qti_choice_98e7933f6ce1d95e4d77d6feaf84d3c67e057383fb0e3bb9b264d4ebcc62bd71</varequal>
            </conditionvar>
            <setvar action="Set" varname="SCORE">100</setvar>
          </respcondition>
        </resprocessing>
      </item>
    </section>
    </section>
  </assessment>
</questestinterop>
