<?xml version="1.0" encoding="UTF-8"?>
<manifest identifier="text2qti_manifest_155dd7064efbf8fdf36f81837db846f9b20efd0bb4c3ebe1cfe263a86133751a" xmlns="http://www.imsglobal.org/xsd/imsccv1p1/imscp_v1p1" xmlns:lom="http://ltsc.ieee.org/xsd/imsccv1p1/LOM/resource" xmlns:imsmd="http://www.imsglobal.org/xsd/imsmd_v1p2" xmlns:xsi="http://www.w3.org/2001/XMLSchema-instance" xsi:schemaLocation="http://www.imsglobal.org/xsd/imsccv1p1/imscp_v1p1 http://www.imsglobal.org/xsd/imscp_v1p1.xsd http://ltsc.ieee.org/xsd/imsccv1p1/LOM/resource http://www.imsglobal.org/profile/cc/ccv1p1/LOM/ccv1p1_lomresource_v1p0.xsd http://www.imsglobal.org/xsd/imsmd_v1p2 http://www.imsglobal.org/xsd/imsmd_v1p2p2.xsd">
  <metadata>
    <schema>IMS Content</schema>
    <schemaversion>1.1.3</schemaversion>
    <imsmd:lom>
      <imsmd:general>
        <imsmd:title>
          <imsmd:string>QTI assessment generated by text2qti</imsmd:string>
        </imsmd:title>
      </imsmd:general>
      <imsmd:lifeCycle>
        <imsmd:contribute>
          <imsmd:date>
            <imsmd:dateTime>2025-06-30</imsmd:dateTime>
          </imsmd:date>
        </imsmd:contribute>
      </imsmd:lifeCycle>
      <imsmd:rights>
        <imsmd:copyrightAndOtherRestrictions>
          <imsmd:value>yes</imsmd:value>
        </imsmd:copyrightAndOtherRestrictions>
        <imsmd:description>
          <imsmd:string>Private (Copyrighted) - http://en.wikipedia.org/wiki/Copyright</imsmd:string>
        </imsmd:description>
      </imsmd:rights>
    </imsmd:lom>
  </metadata>
  <organizations/>
  <resources>
    <resource identifier="text2qti_assessment_155dd7064efbf8fdf36f81837db846f9b20efd0bb4c3ebe1cfe263a86133751a" type="imsqti_xmlv1p2">
      <file href="text2qti_assessment_155dd7064efbf8fdf36f81837db846f9b20efd0bb4c3ebe1cfe263a86133751a/text2qti_assessment_155dd7064efbf8fdf36f81837db846f9b20efd0bb4c3ebe1cfe263a86133751a.xml"/>
      <dependency identifierref="text2qti_dependency_155dd7064efbf8fdf36f81837db846f9b20efd0bb4c3ebe1cfe263a86133751a"/>
    </resource>
    <resource identifier="text2qti_dependency_155dd7064efbf8fdf36f81837db846f9b20efd0bb4c3ebe1cfe263a86133751a" type="associatedcontent/imscc_xmlv1p1/learning-application-resource" href="text2qti_assessment_155dd7064efbf8fdf36f81837db846f9b20efd0bb4c3ebe1cfe263a86133751a/assessment_meta.xml">
      <file href="text2qti_assessment_155dd7064efbf8fdf36f81837db846f9b20efd0bb4c3ebe1cfe263a86133751a/assessment_meta.xml"/>
    </resource>
    <resource identifier="text2qti_image_d785bdabde0176d16a2898fcf450fdc1cc7b5607d619335d2e72c610a995c559" type="webcontent" href="images/caliper_test_07.png">
      <file href="images/caliper_test_07.png"/>
    </resource>
    <resource identifier="text2qti_image_8f089fd9fec0c6f1db3cff3e760a96ffabb7413b938c40ae54eba7b7f5cc5ead" type="webcontent" href="images/caliper_test_08.png">
      <file href="images/caliper_test_08.png"/>
    </resource>
    <resource identifier="text2qti_image_d00289cfdc2af25a67ce8eb461b2a019a0d9cb43bcdfb4d6db54b97c429936a7" type="webcontent" href="images/caliper_test_09.png">
      <file href="images/caliper_test_09.png"/>
    </resource>
    <resource identifier="text2qti_image_a304bf565a9d943773e13f83d87a69220133ed4bfb412b7c3f6769bb80400669" type="webcontent" href="images/caliper_test_10.png">
      <file href="images/caliper_test_10.png"/>
    </resource>
    <resource identifier="text2qti_image_f7cac09f148e421757ee4a4f855064bcf573786d68606bba6a837fc4bbbaf442" type="webcontent" href="images/caliper_test_11.png">
      <file href="images/caliper_test_11.png"/>
    </resource>
    <resource identifier="text2qti_image_5df2bfaee44becbb58d6caad93db4f7c8fbaa961a72fa3e2a4846ee551ec2f50" type="webcontent" href="images/caliper_test_12.png">
      <file href="images/caliper_test_12.png"/>
    </resource>
    <resource identifier="text2qti_image_2ed46216f238a26491432e634df1f7bd75158ae15bcfbc8855442570cca64dcf" type="webcontent" href="images/caliper_test_13.png">
      <file href="images/caliper_test_13.png"/>
    </resource>
    <resource identifier="text2qti_image_3752b065eb196e4d7cf11a96a99e2bd28524a5b38a84fe9a2ae99f25fc52fd59" type="webcontent" href="images/caliper_test_14.png">
      <file href="images/caliper_test_14.png"/>
    </resource>
    <resource identifier="text2qti_image_0c320270a4ac7795a0f03880ac8da1843cb96a3f4519dc19e916970f9eda316f" type="webcontent" href="images/caliper_test_15.png">
      <file href="images/caliper_test_15.png"/>
    </resource>
    <resource identifier="text2qti_image_8c80ee0f06f0d2eb99edf45883f7ed4b91eec48f8188bffd9f4050d48cb215da" type="webcontent" href="images/caliper_test_19.png">
      <file href="images/caliper_test_19.png"/>
    </resource>
  </resources>
</manifest>
