<?xml version="1.0" encoding="UTF-8"?>
<questestinterop xmlns="http://www.imsglobal.org/xsd/ims_qtiasiv1p2" xmlns:xsi="http://www.w3.org/2001/XMLSchema-instance" xsi:schemaLocation="http://www.imsglobal.org/xsd/ims_qtiasiv1p2 http://www.imsglobal.org/xsd/ims_qtiasiv1p2p1.xsd">
  <assessment ident="text2qti_assessment_8fa7d75f2217bae2eb07fd223f20b6367296949400e87e37879994d9cc84b69f" title="Ejercicio interactivo sobre agujeros grandes en taladro de banco">
    <qtimetadata>
      <qtimetadatafield>
        <fieldlabel>cc_maxattempts</fieldlabel>
        <fieldentry>1</fieldentry>
      </qtimetadatafield>
    </qtimetadata>
    <section ident="root_section">
    <section ident="text2qti_group_4a1a1a7abbafc574a13d1195689b396c9908023f07d05b362df252238e6266a4" title="Group">
      <selection_ordering>
        <selection>
          <selection_number>1</selection_number>
          <selection_extension>
            <points_per_item>1</points_per_item>
          </selection_extension>
        </selection>
      </selection_ordering>
      <item ident="text2qti_question_274cd293f8e98262ee7de2821a83b94bbac963ca2882f82b86d77ca8ca21a918" title="Question">
        <itemmetadata>
          <qtimetadata>
            <qtimetadatafield>
              <fieldlabel>question_type</fieldlabel>
              <fieldentry>multiple_choice_question</fieldentry>
            </qtimetadatafield>
            <qtimetadatafield>
              <fieldlabel>points_possible</fieldlabel>
              <fieldentry>1</fieldentry>
            </qtimetadatafield>
            <qtimetadatafield>
              <fieldlabel>original_answer_ids</fieldlabel>
              <fieldentry>text2qti_choice_3a9186ab5f899830a4cf1ae151966b8f970cf85e59eb352f46595c67fcb42437,text2qti_choice_8149731df6dfe3b2d3cc4e841f11c2d1c02728584a2d40feef56f2a35cc076f0,text2qti_choice_7dc89a118881014d64843625811c90e9d13e6bf91a5c252ede5a3c84661c60c2,text2qti_choice_b02d268164b8f1fa9d9f0d86e4d7da961cd5bb94275d8ba282f5e20e6ba18b88</fieldentry>
            </qtimetadatafield>
            <qtimetadatafield>
              <fieldlabel>assessment_question_identifierref</fieldlabel>
              <fieldentry>text2qti_question_ref_274cd293f8e98262ee7de2821a83b94bbac963ca2882f82b86d77ca8ca21a918</fieldentry>
            </qtimetadatafield>
          </qtimetadata>
        </itemmetadata>
        <presentation>
          <material>
            <mattext texttype="text/html">&lt;p&gt;Selecciona la opción correcta. ¿Por qué se recomienda perforar agujeros grandes en pasos progresivos?&lt;/p&gt;</mattext>
          </material>
          <response_lid ident="response1" rcardinality="Single">
            <render_choice>
              <response_label ident="text2qti_choice_3a9186ab5f899830a4cf1ae151966b8f970cf85e59eb352f46595c67fcb42437">
                <material>
                  <mattext texttype="text/html">&lt;p&gt;Para reducir el esfuerzo de la máquina y evitar que se trabe la herramienta&lt;/p&gt;</mattext>
                </material>
              </response_label>
              <response_label ident="text2qti_choice_8149731df6dfe3b2d3cc4e841f11c2d1c02728584a2d40feef56f2a35cc076f0">
                <material>
                  <mattext texttype="text/html">&lt;p&gt;Para ahorrar tiempo&lt;/p&gt;</mattext>
                </material>
              </response_label>
              <response_label ident="text2qti_choice_7dc89a118881014d64843625811c90e9d13e6bf91a5c252ede5a3c84661c60c2">
                <material>
                  <mattext texttype="text/html">&lt;p&gt;Para aumentar la velocidad de perforación&lt;/p&gt;</mattext>
                </material>
              </response_label>
              <response_label ident="text2qti_choice_b02d268164b8f1fa9d9f0d86e4d7da961cd5bb94275d8ba282f5e20e6ba18b88">
                <material>
                  <mattext texttype="text/html">&lt;p&gt;Para evitar usar líquido refrigerante&lt;/p&gt;</mattext>
                </material>
              </response_label>
            </render_choice>
          </response_lid>
        </presentation>
        <resprocessing>
          <outcomes>
            <decvar maxvalue="100" minvalue="0" varname="SCORE" vartype="Decimal"/>
          </outcomes>
          <respcondition continue="No">
            <conditionvar>
              <varequal respident="response1">text2qti_choice_3a9186ab5f899830a4cf1ae151966b8f970cf85e59eb352f46595c67fcb42437</varequal>
            </conditionvar>
            <setvar action="Set" varname="SCORE">100</setvar>
          </respcondition>
        </resprocessing>
      </item>
      <item ident="text2qti_question_3f8f0dd06392afff5ce87095ca9a25d52a346809b09a14cd67d730f62f5a8082" title="Question">
        <itemmetadata>
          <qtimetadata>
            <qtimetadatafield>
              <fieldlabel>question_type</fieldlabel>
              <fieldentry>multiple_answers_question</fieldentry>
            </qtimetadatafield>
            <qtimetadatafield>
              <fieldlabel>points_possible</fieldlabel>
              <fieldentry>1</fieldentry>
            </qtimetadatafield>
            <qtimetadatafield>
              <fieldlabel>original_answer_ids</fieldlabel>
              <fieldentry>text2qti_choice_26b3dd1c590cee976deabad53c5366c469c1274dc76e8cee64efe993853a687e,text2qti_choice_e39c9d5414ab368c8bc08a1a79eac8942c786101ce6cfd460e185266bad241ac,text2qti_choice_c1386561c12fb3d9081e22b5f709a85b5b862bf932a31ae142f47349653d558d,text2qti_choice_7a8dcd806ebd596e8f6a3ff639efde7ddc22d79576e06c6735592e0b81bf2650</fieldentry>
            </qtimetadatafield>
            <qtimetadatafield>
              <fieldlabel>assessment_question_identifierref</fieldlabel>
              <fieldentry>text2qti_question_ref_3f8f0dd06392afff5ce87095ca9a25d52a346809b09a14cd67d730f62f5a8082</fieldentry>
            </qtimetadatafield>
          </qtimetadata>
        </itemmetadata>
        <presentation>
          <material>
            <mattext texttype="text/html">&lt;p&gt;Elige todas las opciones correctas. Al hacer agujeros grandes en el taladro de banco, el procedimiento básico recomienda:&lt;/p&gt;</mattext>
          </material>
          <response_lid ident="response1" rcardinality="Multiple">
            <render_choice>
              <response_label ident="text2qti_choice_26b3dd1c590cee976deabad53c5366c469c1274dc76e8cee64efe993853a687e">
                <material>
                  <mattext texttype="text/html">&lt;p&gt;Empezar con una broca pequeña&lt;/p&gt;</mattext>
                </material>
              </response_label>
              <response_label ident="text2qti_choice_e39c9d5414ab368c8bc08a1a79eac8942c786101ce6cfd460e185266bad241ac">
                <material>
                  <mattext texttype="text/html">&lt;p&gt;Aumentar el diámetro en una o dos etapas&lt;/p&gt;</mattext>
                </material>
              </response_label>
              <response_label ident="text2qti_choice_c1386561c12fb3d9081e22b5f709a85b5b862bf932a31ae142f47349653d558d">
                <material>
                  <mattext texttype="text/html">&lt;p&gt;Hacer todo el agujero con la broca grande directamente&lt;/p&gt;</mattext>
                </material>
              </response_label>
              <response_label ident="text2qti_choice_7a8dcd806ebd596e8f6a3ff639efde7ddc22d79576e06c6735592e0b81bf2650">
                <material>
                  <mattext texttype="text/html">&lt;p&gt;Evitar el uso de refrigerante&lt;/p&gt;</mattext>
                </material>
              </response_label>
            </render_choice>
          </response_lid>
        </presentation>
        <resprocessing>
          <outcomes>
            <decvar maxvalue="100" minvalue="0" varname="SCORE" vartype="Decimal"/>
          </outcomes>
          <respcondition continue="No">
            <conditionvar>
              <and>
                <varequal respident="response1">text2qti_choice_26b3dd1c590cee976deabad53c5366c469c1274dc76e8cee64efe993853a687e</varequal>
                <varequal respident="response1">text2qti_choice_e39c9d5414ab368c8bc08a1a79eac8942c786101ce6cfd460e185266bad241ac</varequal>
                <not>
                  <varequal respident="response1">text2qti_choice_c1386561c12fb3d9081e22b5f709a85b5b862bf932a31ae142f47349653d558d</varequal>
                </not>
                <not>
                  <varequal respident="response1">text2qti_choice_7a8dcd806ebd596e8f6a3ff639efde7ddc22d79576e06c6735592e0b81bf2650</varequal>
                </not>
              </and>
            </conditionvar>
            <setvar action="Set" varname="SCORE">100</setvar>
          </respcondition>
        </resprocessing>
      </item>
      <item ident="text2qti_question_01016a3e99486221c418d87fc9584ece2265443b000b70a276368c726238d719" title="Question">
        <itemmetadata>
          <qtimetadata>
            <qtimetadatafield>
              <fieldlabel>question_type</fieldlabel>
              <fieldentry>short_answer_question</fieldentry>
            </qtimetadatafield>
            <qtimetadatafield>
              <fieldlabel>points_possible</fieldlabel>
              <fieldentry>1</fieldentry>
            </qtimetadatafield>
            <qtimetadatafield>
              <fieldlabel>original_answer_ids</fieldlabel>
              <fieldentry>text2qti_choice_5ea1ba6ddd7327cd320c5307cfbd95d90682995867fd7d2b1e2fe1b41d2e6579,text2qti_choice_168d16e8600e8ca2c5d6553ca7204b324190e7c21e9a66e6ef9d67a4cf7a1d3f</fieldentry>
            </qtimetadatafield>
            <qtimetadatafield>
              <fieldlabel>assessment_question_identifierref</fieldlabel>
              <fieldentry>text2qti_question_ref_01016a3e99486221c418d87fc9584ece2265443b000b70a276368c726238d719</fieldentry>
            </qtimetadatafield>
          </qtimetadata>
        </itemmetadata>
        <presentation>
          <material>
            <mattext texttype="text/html">&lt;p&gt;Escribe en inglés: Trabajar en pasos progresivos reduce el ____ sobre la máquina.&lt;/p&gt;</mattext>
          </material>
          <response_str ident="response1" rcardinality="Single">
            <render_fib>
              <response_label ident="answer1" rshuffle="No"/>
            </render_fib>
          </response_str>
        </presentation>
        <resprocessing>
          <outcomes>
            <decvar maxvalue="100" minvalue="0" varname="SCORE" vartype="Decimal"/>
          </outcomes>
          <respcondition continue="No">
            <conditionvar>
              <varequal respident="response1">stress</varequal>
              <varequal respident="response1">Stress</varequal>
            </conditionvar>
            <setvar action="Set" varname="SCORE">100</setvar>
          </respcondition>
        </resprocessing>
      </item>
    </section>
    <section ident="text2qti_group_c2536f2fecec063c8c354e59258abc732f238b369aed8b3968bef8274e166e58" title="Group">
      <selection_ordering>
        <selection>
          <selection_number>2</selection_number>
          <selection_extension>
            <points_per_item>1</points_per_item>
          </selection_extension>
        </selection>
      </selection_ordering>
      <item ident="text2qti_question_7777d987f9590f84f2f0d2887746a7edd89d3305319b013e215cf61adf19976d" title="Question">
        <itemmetadata>
          <qtimetadata>
            <qtimetadatafield>
              <fieldlabel>question_type</fieldlabel>
              <fieldentry>multiple_choice_question</fieldentry>
            </qtimetadatafield>
            <qtimetadatafield>
              <fieldlabel>points_possible</fieldlabel>
              <fieldentry>1</fieldentry>
            </qtimetadatafield>
            <qtimetadatafield>
              <fieldlabel>original_answer_ids</fieldlabel>
              <fieldentry>text2qti_choice_4326cbc59cf994f32b89015df81650afd9e082a764bd45c2bf4f691bd819344e,text2qti_choice_d212b5706a34170613169d585e12e1bdaf42d6be688259086ba530623c366199,text2qti_choice_8166fa07465e4ed2cb8b500386243ec423606f567fb0050862f5bd1f77b6d40b,text2qti_choice_62452c9298df1ea36a66dd89eaa2a0635bdd25b8f5ca6e55563d6ead46c57658,text2qti_choice_777a05235e05c78eb00fe01e6426c23ca2e6f50648c829913e9adba53b3f0bcb</fieldentry>
            </qtimetadatafield>
            <qtimetadatafield>
              <fieldlabel>assessment_question_identifierref</fieldlabel>
              <fieldentry>text2qti_question_ref_7777d987f9590f84f2f0d2887746a7edd89d3305319b013e215cf61adf19976d</fieldentry>
            </qtimetadatafield>
          </qtimetadata>
        </itemmetadata>
        <presentation>
          <material>
            <mattext texttype="text/html">&lt;p&gt;Selecciona la opción correcta. ¿Cuál es el primer paso al usar el taladro de banco?&lt;/p&gt;</mattext>
          </material>
          <response_lid ident="response1" rcardinality="Single">
            <render_choice>
              <response_label ident="text2qti_choice_4326cbc59cf994f32b89015df81650afd9e082a764bd45c2bf4f691bd819344e">
                <material>
                  <mattext texttype="text/html">&lt;p&gt;Aplicar refrigerante&lt;/p&gt;</mattext>
                </material>
              </response_label>
              <response_label ident="text2qti_choice_d212b5706a34170613169d585e12e1bdaf42d6be688259086ba530623c366199">
                <material>
                  <mattext texttype="text/html">&lt;p&gt;Marcar el centro con la punta de marcar&lt;/p&gt;</mattext>
                </material>
              </response_label>
              <response_label ident="text2qti_choice_8166fa07465e4ed2cb8b500386243ec423606f567fb0050862f5bd1f77b6d40b">
                <material>
                  <mattext texttype="text/html">&lt;p&gt;Colocar la broca final directamente&lt;/p&gt;</mattext>
                </material>
              </response_label>
              <response_label ident="text2qti_choice_62452c9298df1ea36a66dd89eaa2a0635bdd25b8f5ca6e55563d6ead46c57658">
                <material>
                  <mattext texttype="text/html">&lt;p&gt;Retirar la viruta&lt;/p&gt;</mattext>
                </material>
              </response_label>
              <response_label ident="text2qti_choice_777a05235e05c78eb00fe01e6426c23ca2e6f50648c829913e9adba53b3f0bcb">
                <material>
                  <mattext texttype="text/html">&lt;p&gt;Calcular el radio del agujero&lt;/p&gt;</mattext>
                </material>
              </response_label>
            </render_choice>
          </response_lid>
        </presentation>
        <resprocessing>
          <outcomes>
            <decvar maxvalue="100" minvalue="0" varname="SCORE" vartype="Decimal"/>
          </outcomes>
          <respcondition continue="No">
            <conditionvar>
              <varequal respident="response1">text2qti_choice_d212b5706a34170613169d585e12e1bdaf42d6be688259086ba530623c366199</varequal>
            </conditionvar>
            <setvar action="Set" varname="SCORE">100</setvar>
          </respcondition>
        </resprocessing>
      </item>
      <item ident="text2qti_question_50c2c829aa389c69af47abe87c209ac9b56e160ff963b0a96d7ea9a38ba52e8d" title="Question">
        <itemmetadata>
          <qtimetadata>
            <qtimetadatafield>
              <fieldlabel>question_type</fieldlabel>
              <fieldentry>multiple_answers_question</fieldentry>
            </qtimetadatafield>
            <qtimetadatafield>
              <fieldlabel>points_possible</fieldlabel>
              <fieldentry>1</fieldentry>
            </qtimetadatafield>
            <qtimetadatafield>
              <fieldlabel>original_answer_ids</fieldlabel>
              <fieldentry>text2qti_choice_494038cd74f60d6863a5af085e0925fc5c6d171ebcd37b10d26a726e3a54d75d,text2qti_choice_412f4fb19bab85f3b5574104a6b155accd081f5e1e0817827a33a000e6152035,text2qti_choice_d0e94edc728b7a64de2c8457784a9cdfd32e2d63ceae1741587539caa42d5bcb,text2qti_choice_06046628862c99d69369bc86d90730c053817cd854b3964545b8a6d87ade6fbb</fieldentry>
            </qtimetadatafield>
            <qtimetadatafield>
              <fieldlabel>assessment_question_identifierref</fieldlabel>
              <fieldentry>text2qti_question_ref_50c2c829aa389c69af47abe87c209ac9b56e160ff963b0a96d7ea9a38ba52e8d</fieldentry>
            </qtimetadatafield>
          </qtimetadata>
        </itemmetadata>
        <presentation>
          <material>
            <mattext texttype="text/html">&lt;p&gt;Elige todas las opciones correctas. La fijación de la pieza en el taladro de banco debe hacerse:&lt;/p&gt;</mattext>
          </material>
          <response_lid ident="response1" rcardinality="Multiple">
            <render_choice>
              <response_label ident="text2qti_choice_494038cd74f60d6863a5af085e0925fc5c6d171ebcd37b10d26a726e3a54d75d">
                <material>
                  <mattext texttype="text/html">&lt;p&gt;Con prensa o morsa&lt;/p&gt;</mattext>
                </material>
              </response_label>
              <response_label ident="text2qti_choice_412f4fb19bab85f3b5574104a6b155accd081f5e1e0817827a33a000e6152035">
                <material>
                  <mattext texttype="text/html">&lt;p&gt;De modo que se puedan cambiar brocas sin mover la pieza&lt;/p&gt;</mattext>
                </material>
              </response_label>
              <response_label ident="text2qti_choice_d0e94edc728b7a64de2c8457784a9cdfd32e2d63ceae1741587539caa42d5bcb">
                <material>
                  <mattext texttype="text/html">&lt;p&gt;Usando solo la mano&lt;/p&gt;</mattext>
                </material>
              </response_label>
              <response_label ident="text2qti_choice_06046628862c99d69369bc86d90730c053817cd854b3964545b8a6d87ade6fbb">
                <material>
                  <mattext texttype="text/html">&lt;p&gt;Alineando a ojo sin marcar&lt;/p&gt;</mattext>
                </material>
              </response_label>
            </render_choice>
          </response_lid>
        </presentation>
        <resprocessing>
          <outcomes>
            <decvar maxvalue="100" minvalue="0" varname="SCORE" vartype="Decimal"/>
          </outcomes>
          <respcondition continue="No">
            <conditionvar>
              <and>
                <varequal respident="response1">text2qti_choice_494038cd74f60d6863a5af085e0925fc5c6d171ebcd37b10d26a726e3a54d75d</varequal>
                <varequal respident="response1">text2qti_choice_412f4fb19bab85f3b5574104a6b155accd081f5e1e0817827a33a000e6152035</varequal>
                <not>
                  <varequal respident="response1">text2qti_choice_d0e94edc728b7a64de2c8457784a9cdfd32e2d63ceae1741587539caa42d5bcb</varequal>
                </not>
                <not>
                  <varequal respident="response1">text2qti_choice_06046628862c99d69369bc86d90730c053817cd854b3964545b8a6d87ade6fbb</varequal>
                </not>
              </and>
            </conditionvar>
            <setvar action="Set" varname="SCORE">100</setvar>
          </respcondition>
        </resprocessing>
      </item>
      <item ident="text2qti_question_03957583ec1c62408884cedf670f225a95504fd1cd2419314792f7412052c238" title="Question">
        <itemmetadata>
          <qtimetadata>
            <qtimetadatafield>
              <fieldlabel>question_type</fieldlabel>
              <fieldentry>short_answer_question</fieldentry>
            </qtimetadatafield>
            <qtimetadatafield>
              <fieldlabel>points_possible</fieldlabel>
              <fieldentry>1</fieldentry>
            </qtimetadatafield>
            <qtimetadatafield>
              <fieldlabel>original_answer_ids</fieldlabel>
              <fieldentry>text2qti_choice_94e2011a8c2ec8df6edce5f24194ed34aa7dee9d0af70d4bed349a2b86354c82,text2qti_choice_868ca1d673a378d173a2cc675c92d7b3e65884ecfb50dfd5b1b9961723370d4e</fieldentry>
            </qtimetadatafield>
            <qtimetadatafield>
              <fieldlabel>assessment_question_identifierref</fieldlabel>
              <fieldentry>text2qti_question_ref_03957583ec1c62408884cedf670f225a95504fd1cd2419314792f7412052c238</fieldentry>
            </qtimetadatafield>
          </qtimetadata>
        </itemmetadata>
        <presentation>
          <material>
            <mattext texttype="text/html">&lt;p&gt;Escribe la palabra que falta: El agujero guía evita que la broca grande ____ sobre la superficie.&lt;/p&gt;</mattext>
          </material>
          <response_str ident="response1" rcardinality="Single">
            <render_fib>
              <response_label ident="answer1" rshuffle="No"/>
            </render_fib>
          </response_str>
        </presentation>
        <resprocessing>
          <outcomes>
            <decvar maxvalue="100" minvalue="0" varname="SCORE" vartype="Decimal"/>
          </outcomes>
          <respcondition continue="No">
            <conditionvar>
              <varequal respident="response1">camine</varequal>
              <varequal respident="response1">Camine</varequal>
            </conditionvar>
            <setvar action="Set" varname="SCORE">100</setvar>
          </respcondition>
        </resprocessing>
      </item>
      <item ident="text2qti_question_3d94d08e3e5fa1e3acc2478277cc9e981110f178f97648d70fa5f8de23504c57" title="Question">
        <itemmetadata>
          <qtimetadata>
            <qtimetadatafield>
              <fieldlabel>question_type</fieldlabel>
              <fieldentry>multiple_choice_question</fieldentry>
            </qtimetadatafield>
            <qtimetadatafield>
              <fieldlabel>points_possible</fieldlabel>
              <fieldentry>1</fieldentry>
            </qtimetadatafield>
            <qtimetadatafield>
              <fieldlabel>original_answer_ids</fieldlabel>
              <fieldentry>text2qti_choice_0ba5fdba1caee360f38ef933fd7754e13fadaef87ab9d326eeb0980de4fccf0a,text2qti_choice_d3ea919cca8762af0bdc2b6ccf1d38304f39795b40c95e89583c965540df8e0b,text2qti_choice_73a24109d15ff956b5aec43d8b3c490c414d4383e7ca571cb15c52714b6b959a,text2qti_choice_ac53128e09da0a1c944eb9df2cf430daee22906acf22179e269ca90920adda67</fieldentry>
            </qtimetadatafield>
            <qtimetadatafield>
              <fieldlabel>assessment_question_identifierref</fieldlabel>
              <fieldentry>text2qti_question_ref_3d94d08e3e5fa1e3acc2478277cc9e981110f178f97648d70fa5f8de23504c57</fieldentry>
            </qtimetadatafield>
          </qtimetadata>
        </itemmetadata>
        <presentation>
          <material>
            <mattext texttype="text/html">&lt;p&gt;Selecciona la opción correcta. ¿Por qué se recomienda hacer un agujero guía antes de usar la broca grande?&lt;/p&gt;</mattext>
          </material>
          <response_lid ident="response1" rcardinality="Single">
            <render_choice>
              <response_label ident="text2qti_choice_0ba5fdba1caee360f38ef933fd7754e13fadaef87ab9d326eeb0980de4fccf0a">
                <material>
                  <mattext texttype="text/html">&lt;p&gt;Para ahorrar tiempo&lt;/p&gt;</mattext>
                </material>
              </response_label>
              <response_label ident="text2qti_choice_d3ea919cca8762af0bdc2b6ccf1d38304f39795b40c95e89583c965540df8e0b">
                <material>
                  <mattext texttype="text/html">&lt;p&gt;Para que la broca grande no “camine” sobre la superficie&lt;/p&gt;</mattext>
                </material>
              </response_label>
              <response_label ident="text2qti_choice_73a24109d15ff956b5aec43d8b3c490c414d4383e7ca571cb15c52714b6b959a">
                <material>
                  <mattext texttype="text/html">&lt;p&gt;Para enfriar la pieza&lt;/p&gt;</mattext>
                </material>
              </response_label>
              <response_label ident="text2qti_choice_ac53128e09da0a1c944eb9df2cf430daee22906acf22179e269ca90920adda67">
                <material>
                  <mattext texttype="text/html">&lt;p&gt;Para reducir el tamaño del agujero final&lt;/p&gt;</mattext>
                </material>
              </response_label>
            </render_choice>
          </response_lid>
        </presentation>
        <resprocessing>
          <outcomes>
            <decvar maxvalue="100" minvalue="0" varname="SCORE" vartype="Decimal"/>
          </outcomes>
          <respcondition continue="No">
            <conditionvar>
              <varequal respident="response1">text2qti_choice_d3ea919cca8762af0bdc2b6ccf1d38304f39795b40c95e89583c965540df8e0b</varequal>
            </conditionvar>
            <setvar action="Set" varname="SCORE">100</setvar>
          </respcondition>
        </resprocessing>
      </item>
      <item ident="text2qti_question_764b7972dde3657ffd57400acd2d0387b443496940cd7f58b7a3695a50c3c9af" title="Question">
        <itemmetadata>
          <qtimetadata>
            <qtimetadatafield>
              <fieldlabel>question_type</fieldlabel>
              <fieldentry>multiple_choice_question</fieldentry>
            </qtimetadatafield>
            <qtimetadatafield>
              <fieldlabel>points_possible</fieldlabel>
              <fieldentry>1</fieldentry>
            </qtimetadatafield>
            <qtimetadatafield>
              <fieldlabel>original_answer_ids</fieldlabel>
              <fieldentry>text2qti_choice_819e6e702a3ecfdda71d50284a9c1b5eae0bea18c64ae1a380dc9615dc630a26,text2qti_choice_007a22674294ce2781ae5a74a91da1c0211b1b95691d8b193afd4f3d0c2aa613,text2qti_choice_c65d81cedca2af885d1cc2fa99e7e8f85b88aabc1f833b33c20a63daa574e18a,text2qti_choice_9e2beea9a8123b46e112db4b67f6a3aff4b15ad8fd6bc0b03b421711adb347a9</fieldentry>
            </qtimetadatafield>
            <qtimetadatafield>
              <fieldlabel>assessment_question_identifierref</fieldlabel>
              <fieldentry>text2qti_question_ref_764b7972dde3657ffd57400acd2d0387b443496940cd7f58b7a3695a50c3c9af</fieldentry>
            </qtimetadatafield>
          </qtimetadata>
        </itemmetadata>
        <presentation>
          <material>
            <mattext texttype="text/html">&lt;p&gt;Selecciona la opción correcta. ¿Qué se debe hacer con las virutas mientras se perfora un agujero largo?&lt;/p&gt;</mattext>
          </material>
          <response_lid ident="response1" rcardinality="Single">
            <render_choice>
              <response_label ident="text2qti_choice_819e6e702a3ecfdda71d50284a9c1b5eae0bea18c64ae1a380dc9615dc630a26">
                <material>
                  <mattext texttype="text/html">&lt;p&gt;Dejarlas acumuladas&lt;/p&gt;</mattext>
                </material>
              </response_label>
              <response_label ident="text2qti_choice_007a22674294ce2781ae5a74a91da1c0211b1b95691d8b193afd4f3d0c2aa613">
                <material>
                  <mattext texttype="text/html">&lt;p&gt;Ignorarlas&lt;/p&gt;</mattext>
                </material>
              </response_label>
              <response_label ident="text2qti_choice_c65d81cedca2af885d1cc2fa99e7e8f85b88aabc1f833b33c20a63daa574e18a">
                <material>
                  <mattext texttype="text/html">&lt;p&gt;Retirarlas frecuentemente para evitar bloqueo&lt;/p&gt;</mattext>
                </material>
              </response_label>
              <response_label ident="text2qti_choice_9e2beea9a8123b46e112db4b67f6a3aff4b15ad8fd6bc0b03b421711adb347a9">
                <material>
                  <mattext texttype="text/html">&lt;p&gt;Sacarlas con los dedos&lt;/p&gt;</mattext>
                </material>
              </response_label>
            </render_choice>
          </response_lid>
        </presentation>
        <resprocessing>
          <outcomes>
            <decvar maxvalue="100" minvalue="0" varname="SCORE" vartype="Decimal"/>
          </outcomes>
          <respcondition continue="No">
            <conditionvar>
              <varequal respident="response1">text2qti_choice_c65d81cedca2af885d1cc2fa99e7e8f85b88aabc1f833b33c20a63daa574e18a</varequal>
            </conditionvar>
            <setvar action="Set" varname="SCORE">100</setvar>
          </respcondition>
        </resprocessing>
      </item>
    </section>
    <section ident="text2qti_group_a82913f5730856a8034a5ddae1674b235ab451bd2ba0d0c2567a28ebb323dfed" title="Group">
      <selection_ordering>
        <selection>
          <selection_number>1</selection_number>
          <selection_extension>
            <points_per_item>1</points_per_item>
          </selection_extension>
        </selection>
      </selection_ordering>
      <item ident="text2qti_question_d4d6faabc6eea090e28c6bf73415674fd7d77cea30c29bc244b5dd5450871664" title="Question">
        <itemmetadata>
          <qtimetadata>
            <qtimetadatafield>
              <fieldlabel>question_type</fieldlabel>
              <fieldentry>multiple_choice_question</fieldentry>
            </qtimetadatafield>
            <qtimetadatafield>
              <fieldlabel>points_possible</fieldlabel>
              <fieldentry>1</fieldentry>
            </qtimetadatafield>
            <qtimetadatafield>
              <fieldlabel>original_answer_ids</fieldlabel>
              <fieldentry>text2qti_choice_25d280bbaabbedb1993616f78f0947cab8d416e58d28f17c4dcc833d8002c7e8,text2qti_choice_d07d73643d2898dc95aeb8f92ebc1beb3b667f4a9430b22e825537656482ebc1,text2qti_choice_e893ff23f301831efbfce19230e7593155d70018717fbbcf2fcb89b52dad1b25,text2qti_choice_8d99598bcb39b98ad2ca3abfa430fbcf8fed5eb4e6e5bdf60a5aabb6adfd0a35,text2qti_choice_a38473e6cdcd92ff4aa2775eab0631a56c41c6d78f01cdd1bd2c286cfb1e66c7</fieldentry>
            </qtimetadatafield>
            <qtimetadatafield>
              <fieldlabel>assessment_question_identifierref</fieldlabel>
              <fieldentry>text2qti_question_ref_d4d6faabc6eea090e28c6bf73415674fd7d77cea30c29bc244b5dd5450871664</fieldentry>
            </qtimetadatafield>
          </qtimetadata>
        </itemmetadata>
        <presentation>
          <material>
            <mattext texttype="text/html">&lt;p&gt;Selecciona la opción correcta. ¿Qué mezcla se utiliza como refrigerante en el taladro de banco?&lt;/p&gt;</mattext>
          </material>
          <response_lid ident="response1" rcardinality="Single">
            <render_choice>
              <response_label ident="text2qti_choice_25d280bbaabbedb1993616f78f0947cab8d416e58d28f17c4dcc833d8002c7e8">
                <material>
                  <mattext texttype="text/html">&lt;p&gt;Agua pura&lt;/p&gt;</mattext>
                </material>
              </response_label>
              <response_label ident="text2qti_choice_d07d73643d2898dc95aeb8f92ebc1beb3b667f4a9430b22e825537656482ebc1">
                <material>
                  <mattext texttype="text/html">&lt;p&gt;Agua con aceite soluble&lt;/p&gt;</mattext>
                </material>
              </response_label>
              <response_label ident="text2qti_choice_e893ff23f301831efbfce19230e7593155d70018717fbbcf2fcb89b52dad1b25">
                <material>
                  <mattext texttype="text/html">&lt;p&gt;Aceite puro&lt;/p&gt;</mattext>
                </material>
              </response_label>
              <response_label ident="text2qti_choice_8d99598bcb39b98ad2ca3abfa430fbcf8fed5eb4e6e5bdf60a5aabb6adfd0a35">
                <material>
                  <mattext texttype="text/html">&lt;p&gt;Alcohol industrial&lt;/p&gt;</mattext>
                </material>
              </response_label>
              <response_label ident="text2qti_choice_a38473e6cdcd92ff4aa2775eab0631a56c41c6d78f01cdd1bd2c286cfb1e66c7">
                <material>
                  <mattext texttype="text/html">&lt;p&gt;Agua con cualquier aceite&lt;/p&gt;</mattext>
                </material>
              </response_label>
            </render_choice>
          </response_lid>
        </presentation>
        <resprocessing>
          <outcomes>
            <decvar maxvalue="100" minvalue="0" varname="SCORE" vartype="Decimal"/>
          </outcomes>
          <respcondition continue="No">
            <conditionvar>
              <varequal respident="response1">text2qti_choice_d07d73643d2898dc95aeb8f92ebc1beb3b667f4a9430b22e825537656482ebc1</varequal>
            </conditionvar>
            <setvar action="Set" varname="SCORE">100</setvar>
          </respcondition>
        </resprocessing>
      </item>
      <item ident="text2qti_question_42ca1704608f1ce072fafeeaf007ce9c5dfb22a46ef1a85a3a25c57e2012760e" title="Question">
        <itemmetadata>
          <qtimetadata>
            <qtimetadatafield>
              <fieldlabel>question_type</fieldlabel>
              <fieldentry>multiple_answers_question</fieldentry>
            </qtimetadatafield>
            <qtimetadatafield>
              <fieldlabel>points_possible</fieldlabel>
              <fieldentry>1</fieldentry>
            </qtimetadatafield>
            <qtimetadatafield>
              <fieldlabel>original_answer_ids</fieldlabel>
              <fieldentry>text2qti_choice_bd44e93157b7941094896646f0cd3f5268adc1e76ab0885b2e57dc3ff5f30b78,text2qti_choice_4eb271644ac87d7069ab1e13dace7516dd31cd9246c726d313ae49bc8e85b615,text2qti_choice_42177b2e28fb845604d50666842bc6b0cc206b65b5e242d40525d867e6c516ed,text2qti_choice_81bb23d89c5d69c006dc852e6a256bac5296e25afbfd3be465f6f3a15e3b6487,text2qti_choice_e6ee056a50a0377171b9ca069c68d5e210a6bc451604e3342ecd09a643c1ba64</fieldentry>
            </qtimetadatafield>
            <qtimetadatafield>
              <fieldlabel>assessment_question_identifierref</fieldlabel>
              <fieldentry>text2qti_question_ref_42ca1704608f1ce072fafeeaf007ce9c5dfb22a46ef1a85a3a25c57e2012760e</fieldentry>
            </qtimetadatafield>
          </qtimetadata>
        </itemmetadata>
        <presentation>
          <material>
            <mattext texttype="text/html">&lt;p&gt;Elige todas las opciones correctas. El refrigerante cumple las funciones de:&lt;/p&gt;</mattext>
          </material>
          <response_lid ident="response1" rcardinality="Multiple">
            <render_choice>
              <response_label ident="text2qti_choice_bd44e93157b7941094896646f0cd3f5268adc1e76ab0885b2e57dc3ff5f30b78">
                <material>
                  <mattext texttype="text/html">&lt;p&gt;Absorber calor&lt;/p&gt;</mattext>
                </material>
              </response_label>
              <response_label ident="text2qti_choice_4eb271644ac87d7069ab1e13dace7516dd31cd9246c726d313ae49bc8e85b615">
                <material>
                  <mattext texttype="text/html">&lt;p&gt;Lubricar&lt;/p&gt;</mattext>
                </material>
              </response_label>
              <response_label ident="text2qti_choice_42177b2e28fb845604d50666842bc6b0cc206b65b5e242d40525d867e6c516ed">
                <material>
                  <mattext texttype="text/html">&lt;p&gt;Facilitar la evacuación de viruta&lt;/p&gt;</mattext>
                </material>
              </response_label>
              <response_label ident="text2qti_choice_81bb23d89c5d69c006dc852e6a256bac5296e25afbfd3be465f6f3a15e3b6487">
                <material>
                  <mattext texttype="text/html">&lt;p&gt;Endurecer la broca&lt;/p&gt;</mattext>
                </material>
              </response_label>
              <response_label ident="text2qti_choice_e6ee056a50a0377171b9ca069c68d5e210a6bc451604e3342ecd09a643c1ba64">
                <material>
                  <mattext texttype="text/html">&lt;p&gt;Bajar la temperatura del motor&lt;/p&gt;</mattext>
                </material>
              </response_label>
            </render_choice>
          </response_lid>
        </presentation>
        <resprocessing>
          <outcomes>
            <decvar maxvalue="100" minvalue="0" varname="SCORE" vartype="Decimal"/>
          </outcomes>
          <respcondition continue="No">
            <conditionvar>
              <and>
                <varequal respident="response1">text2qti_choice_bd44e93157b7941094896646f0cd3f5268adc1e76ab0885b2e57dc3ff5f30b78</varequal>
                <varequal respident="response1">text2qti_choice_4eb271644ac87d7069ab1e13dace7516dd31cd9246c726d313ae49bc8e85b615</varequal>
                <varequal respident="response1">text2qti_choice_42177b2e28fb845604d50666842bc6b0cc206b65b5e242d40525d867e6c516ed</varequal>
                <not>
                  <varequal respident="response1">text2qti_choice_81bb23d89c5d69c006dc852e6a256bac5296e25afbfd3be465f6f3a15e3b6487</varequal>
                </not>
                <not>
                  <varequal respident="response1">text2qti_choice_e6ee056a50a0377171b9ca069c68d5e210a6bc451604e3342ecd09a643c1ba64</varequal>
                </not>
              </and>
            </conditionvar>
            <setvar action="Set" varname="SCORE">100</setvar>
          </respcondition>
        </resprocessing>
      </item>
      <item ident="text2qti_question_774660ea8d0f531dcc12460a65a10886b5b6904d3b6f2453fb29228f7985dec6" title="Question">
        <itemmetadata>
          <qtimetadata>
            <qtimetadatafield>
              <fieldlabel>question_type</fieldlabel>
              <fieldentry>short_answer_question</fieldentry>
            </qtimetadatafield>
            <qtimetadatafield>
              <fieldlabel>points_possible</fieldlabel>
              <fieldentry>1</fieldentry>
            </qtimetadatafield>
            <qtimetadatafield>
              <fieldlabel>original_answer_ids</fieldlabel>
              <fieldentry>text2qti_choice_74cc1246f1e3f52f80c25dfb7e984ab471002a84590de8401676d837be50eea3,text2qti_choice_8e0f6f9e218ee90a81b10f6d7c60b36b12244024ee9dd8bc9e4f488ddc3e57a9,text2qti_choice_cf7b9700cc71e7ad98aa00a097b9e4e72d50394e51c01574425552f97153a9a0,text2qti_choice_4eab80bff73a93ff87025ccfa953dfb5427774174c32e6d4a743f32d193a53ba</fieldentry>
            </qtimetadatafield>
            <qtimetadatafield>
              <fieldlabel>assessment_question_identifierref</fieldlabel>
              <fieldentry>text2qti_question_ref_774660ea8d0f531dcc12460a65a10886b5b6904d3b6f2453fb29228f7985dec6</fieldentry>
            </qtimetadatafield>
          </qtimetadata>
        </itemmetadata>
        <presentation>
          <material>
            <mattext texttype="text/html">&lt;p&gt;Escribe el porcentaje recomendado de aceite soluble en agua para trabajos livianos en el taladro de banco.&lt;/p&gt;</mattext>
          </material>
          <response_str ident="response1" rcardinality="Single">
            <render_fib>
              <response_label ident="answer1" rshuffle="No"/>
            </render_fib>
          </response_str>
        </presentation>
        <resprocessing>
          <outcomes>
            <decvar maxvalue="100" minvalue="0" varname="SCORE" vartype="Decimal"/>
          </outcomes>
          <respcondition continue="No">
            <conditionvar>
              <varequal respident="response1">5%</varequal>
              <varequal respident="response1">5</varequal>
              <varequal respident="response1">0.05</varequal>
              <varequal respident="response1">0,05</varequal>
            </conditionvar>
            <setvar action="Set" varname="SCORE">100</setvar>
          </respcondition>
        </resprocessing>
      </item>
      <item ident="text2qti_question_2e5ef80fa95306ad8598f44cdf9a1a31e02cc9fbe82a102fdb964ff1dcbe2741" title="Question">
        <itemmetadata>
          <qtimetadata>
            <qtimetadatafield>
              <fieldlabel>question_type</fieldlabel>
              <fieldentry>short_answer_question</fieldentry>
            </qtimetadatafield>
            <qtimetadatafield>
              <fieldlabel>points_possible</fieldlabel>
              <fieldentry>1</fieldentry>
            </qtimetadatafield>
            <qtimetadatafield>
              <fieldlabel>original_answer_ids</fieldlabel>
              <fieldentry>text2qti_choice_4fc5f2267b65613f8a50e54925fec5b3e0b2a14308731b50ed57a923390d10af,text2qti_choice_90f66873bbe806ae3cd9d27b674631dc1bb5d0a2ceba44c4305c0b97ea7005d7</fieldentry>
            </qtimetadatafield>
            <qtimetadatafield>
              <fieldlabel>assessment_question_identifierref</fieldlabel>
              <fieldentry>text2qti_question_ref_2e5ef80fa95306ad8598f44cdf9a1a31e02cc9fbe82a102fdb964ff1dcbe2741</fieldentry>
            </qtimetadatafield>
          </qtimetadata>
        </itemmetadata>
        <presentation>
          <material>
            <mattext texttype="text/html">&lt;p&gt;Escribe la palabra que falta: En el taladro de banco, el aceite en la emulsión sirve para ____ el corte y facilitar la evacuación de viruta.&lt;/p&gt;</mattext>
          </material>
          <response_str ident="response1" rcardinality="Single">
            <render_fib>
              <response_label ident="answer1" rshuffle="No"/>
            </render_fib>
          </response_str>
        </presentation>
        <resprocessing>
          <outcomes>
            <decvar maxvalue="100" minvalue="0" varname="SCORE" vartype="Decimal"/>
          </outcomes>
          <respcondition continue="No">
            <conditionvar>
              <varequal respident="response1">lubricar</varequal>
              <varequal respident="response1">Lubricar</varequal>
            </conditionvar>
            <setvar action="Set" varname="SCORE">100</setvar>
          </respcondition>
        </resprocessing>
      </item>
    </section>
    <section ident="text2qti_group_38a25f14ff54208c917ed8cd0df738e3373746ee48f3faaf02b46a34587d5f02" title="Group">
      <selection_ordering>
        <selection>
          <selection_number>1</selection_number>
          <selection_extension>
            <points_per_item>1</points_per_item>
          </selection_extension>
        </selection>
      </selection_ordering>
      <item ident="text2qti_question_60bdecee29e0b7e918d65f9023b19f7312fea1ed2b041cdbc01858d1e63b5e69" title="Question">
        <itemmetadata>
          <qtimetadata>
            <qtimetadatafield>
              <fieldlabel>question_type</fieldlabel>
              <fieldentry>multiple_choice_question</fieldentry>
            </qtimetadatafield>
            <qtimetadatafield>
              <fieldlabel>points_possible</fieldlabel>
              <fieldentry>1</fieldentry>
            </qtimetadatafield>
            <qtimetadatafield>
              <fieldlabel>original_answer_ids</fieldlabel>
              <fieldentry>text2qti_choice_e84ecfb3773d00636ba8d93d7bea135fb07a67762c3f360c60e080be0c6bfd2b,text2qti_choice_fc5f2991b335f402c51ca2e5dbbbcf62e7c0e5b4a3813a11b3baa75856c6581b,text2qti_choice_201c578201ff3d0cf7e7d8ce123b023a8de44727c4fcd729539b5dd14a3db338,text2qti_choice_0eadf35e5846764f05e1a38e56c15359f3fb323aab950526ab0fb85310fe5d84</fieldentry>
            </qtimetadatafield>
            <qtimetadatafield>
              <fieldlabel>assessment_question_identifierref</fieldlabel>
              <fieldentry>text2qti_question_ref_60bdecee29e0b7e918d65f9023b19f7312fea1ed2b041cdbc01858d1e63b5e69</fieldentry>
            </qtimetadatafield>
          </qtimetadata>
        </itemmetadata>
        <presentation>
          <material>
            <mattext texttype="text/html">&lt;p&gt;Selecciona la opción correcta. ¿Qué debe hacerse primero al terminar un trabajo para evitar oxidación?&lt;/p&gt;</mattext>
          </material>
          <response_lid ident="response1" rcardinality="Single">
            <render_choice>
              <response_label ident="text2qti_choice_e84ecfb3773d00636ba8d93d7bea135fb07a67762c3f360c60e080be0c6bfd2b">
                <material>
                  <mattext texttype="text/html">&lt;p&gt;Secar la superficie y retirar restos de fluido y viruta&lt;/p&gt;</mattext>
                </material>
              </response_label>
              <response_label ident="text2qti_choice_fc5f2991b335f402c51ca2e5dbbbcf62e7c0e5b4a3813a11b3baa75856c6581b">
                <material>
                  <mattext texttype="text/html">&lt;p&gt;Guardar las brocas en la caja&lt;/p&gt;</mattext>
                </material>
              </response_label>
              <response_label ident="text2qti_choice_201c578201ff3d0cf7e7d8ce123b023a8de44727c4fcd729539b5dd14a3db338">
                <material>
                  <mattext texttype="text/html">&lt;p&gt;Dejar el refrigerante sobre la mesa&lt;/p&gt;</mattext>
                </material>
              </response_label>
              <response_label ident="text2qti_choice_0eadf35e5846764f05e1a38e56c15359f3fb323aab950526ab0fb85310fe5d84">
                <material>
                  <mattext texttype="text/html">&lt;p&gt;Pasar directamente un trapo con agua&lt;/p&gt;</mattext>
                </material>
              </response_label>
            </render_choice>
          </response_lid>
        </presentation>
        <resprocessing>
          <outcomes>
            <decvar maxvalue="100" minvalue="0" varname="SCORE" vartype="Decimal"/>
          </outcomes>
          <respcondition continue="No">
            <conditionvar>
              <varequal respident="response1">text2qti_choice_e84ecfb3773d00636ba8d93d7bea135fb07a67762c3f360c60e080be0c6bfd2b</varequal>
            </conditionvar>
            <setvar action="Set" varname="SCORE">100</setvar>
          </respcondition>
        </resprocessing>
      </item>
      <item ident="text2qti_question_0c04def195a19e91130d13e51ef3e9c7d99feb260b22f51c4bb434a5ab149d35" title="Question">
        <itemmetadata>
          <qtimetadata>
            <qtimetadatafield>
              <fieldlabel>question_type</fieldlabel>
              <fieldentry>multiple_answers_question</fieldentry>
            </qtimetadatafield>
            <qtimetadatafield>
              <fieldlabel>points_possible</fieldlabel>
              <fieldentry>1</fieldentry>
            </qtimetadatafield>
            <qtimetadatafield>
              <fieldlabel>original_answer_ids</fieldlabel>
              <fieldentry>text2qti_choice_edec9c89e75ec04cd4739631267069f67667ae712895ccbeb1bfb8dce02aaad3,text2qti_choice_358e960164ca369d0528586e4c17d1ce9d27b195c36146f33ae61df9229221ce,text2qti_choice_a2a682f7a16d49aa6053216843daa0cc3916f7f6651558581dd904e99ebb008f,text2qti_choice_40c0b38117d1bc5e3809276b5c3c7e19ccdbf3c1379d1df0077ec1b73dfac86e</fieldentry>
            </qtimetadatafield>
            <qtimetadatafield>
              <fieldlabel>assessment_question_identifierref</fieldlabel>
              <fieldentry>text2qti_question_ref_0c04def195a19e91130d13e51ef3e9c7d99feb260b22f51c4bb434a5ab149d35</fieldentry>
            </qtimetadatafield>
          </qtimetadata>
        </itemmetadata>
        <presentation>
          <material>
            <mattext texttype="text/html">&lt;p&gt;Elige todas las opciones correctas. Para cuidar la máquina después de usar refrigerante, se debe:&lt;/p&gt;</mattext>
          </material>
          <response_lid ident="response1" rcardinality="Multiple">
            <render_choice>
              <response_label ident="text2qti_choice_edec9c89e75ec04cd4739631267069f67667ae712895ccbeb1bfb8dce02aaad3">
                <material>
                  <mattext texttype="text/html">&lt;p&gt;Secar la mesa y mordazas&lt;/p&gt;</mattext>
                </material>
              </response_label>
              <response_label ident="text2qti_choice_358e960164ca369d0528586e4c17d1ce9d27b195c36146f33ae61df9229221ce">
                <material>
                  <mattext texttype="text/html">&lt;p&gt;Pasar un trapo con aceite liviano&lt;/p&gt;</mattext>
                </material>
              </response_label>
              <response_label ident="text2qti_choice_a2a682f7a16d49aa6053216843daa0cc3916f7f6651558581dd904e99ebb008f">
                <material>
                  <mattext texttype="text/html">&lt;p&gt;Dejar la máquina húmeda para el próximo uso&lt;/p&gt;</mattext>
                </material>
              </response_label>
              <response_label ident="text2qti_choice_40c0b38117d1bc5e3809276b5c3c7e19ccdbf3c1379d1df0077ec1b73dfac86e">
                <material>
                  <mattext texttype="text/html">&lt;p&gt;Tirar el refrigerante usado que se recogió abajo&lt;/p&gt;</mattext>
                </material>
              </response_label>
            </render_choice>
          </response_lid>
        </presentation>
        <resprocessing>
          <outcomes>
            <decvar maxvalue="100" minvalue="0" varname="SCORE" vartype="Decimal"/>
          </outcomes>
          <respcondition continue="No">
            <conditionvar>
              <and>
                <varequal respident="response1">text2qti_choice_edec9c89e75ec04cd4739631267069f67667ae712895ccbeb1bfb8dce02aaad3</varequal>
                <varequal respident="response1">text2qti_choice_358e960164ca369d0528586e4c17d1ce9d27b195c36146f33ae61df9229221ce</varequal>
                <not>
                  <varequal respident="response1">text2qti_choice_a2a682f7a16d49aa6053216843daa0cc3916f7f6651558581dd904e99ebb008f</varequal>
                </not>
                <not>
                  <varequal respident="response1">text2qti_choice_40c0b38117d1bc5e3809276b5c3c7e19ccdbf3c1379d1df0077ec1b73dfac86e</varequal>
                </not>
              </and>
            </conditionvar>
            <setvar action="Set" varname="SCORE">100</setvar>
          </respcondition>
        </resprocessing>
      </item>
      <item ident="text2qti_question_4f7004a1b2d00a14ba512f28194cd3ea9aa7b78e9dbd48fee6a60a55694a614e" title="Question">
        <itemmetadata>
          <qtimetadata>
            <qtimetadatafield>
              <fieldlabel>question_type</fieldlabel>
              <fieldentry>short_answer_question</fieldentry>
            </qtimetadatafield>
            <qtimetadatafield>
              <fieldlabel>points_possible</fieldlabel>
              <fieldentry>1</fieldentry>
            </qtimetadatafield>
            <qtimetadatafield>
              <fieldlabel>original_answer_ids</fieldlabel>
              <fieldentry>text2qti_choice_ec74fc5c6769c2703cf11bd2a7eb62763e14b6713edb79131437c2db331dec1a,text2qti_choice_f161a60859e610316889670638a0355f3cdd9ffd43647ee461dad15486684c95</fieldentry>
            </qtimetadatafield>
            <qtimetadatafield>
              <fieldlabel>assessment_question_identifierref</fieldlabel>
              <fieldentry>text2qti_question_ref_4f7004a1b2d00a14ba512f28194cd3ea9aa7b78e9dbd48fee6a60a55694a614e</fieldentry>
            </qtimetadatafield>
          </qtimetadata>
        </itemmetadata>
        <presentation>
          <material>
            <mattext texttype="text/html">&lt;p&gt;Escribe la palabra que falta: Mantener el área de trabajo limpia y ordenada sigue los principios de las ____ en la industria.&lt;/p&gt;</mattext>
          </material>
          <response_str ident="response1" rcardinality="Single">
            <render_fib>
              <response_label ident="answer1" rshuffle="No"/>
            </render_fib>
          </response_str>
        </presentation>
        <resprocessing>
          <outcomes>
            <decvar maxvalue="100" minvalue="0" varname="SCORE" vartype="Decimal"/>
          </outcomes>
          <respcondition continue="No">
            <conditionvar>
              <varequal respident="response1">5s</varequal>
              <varequal respident="response1">5S</varequal>
            </conditionvar>
            <setvar action="Set" varname="SCORE">100</setvar>
          </respcondition>
        </resprocessing>
      </item>
      <item ident="text2qti_question_a26a1050535176bb7d70d98e23f719fbf5eb73870fb0d8d5e96f74b0a5ef3e51" title="Question">
        <itemmetadata>
          <qtimetadata>
            <qtimetadatafield>
              <fieldlabel>question_type</fieldlabel>
              <fieldentry>multiple_answers_question</fieldentry>
            </qtimetadatafield>
            <qtimetadatafield>
              <fieldlabel>points_possible</fieldlabel>
              <fieldentry>1</fieldentry>
            </qtimetadatafield>
            <qtimetadatafield>
              <fieldlabel>original_answer_ids</fieldlabel>
              <fieldentry>text2qti_choice_b451f278aa383a804a598cb65e75228fd43244a77ed72b3a7d0895ff11637e34,text2qti_choice_e962cd5becd90b234e9f9b0d563d9fb1eded0c413ce5c29ab97b3065a9b56d41,text2qti_choice_fb0c186e18c1612e3ef2e4b57ab504a0c3f7d852c613cdeb63b4348bb368a466,text2qti_choice_6b023a07b73db24ad4f0ee246189763df6749aed3134ecf2c35ced6752cddad0,text2qti_choice_aa4fdb6ef8d663e31b3753aae02fe9790e59418eb02d8a4a3cb821e925e819e2</fieldentry>
            </qtimetadatafield>
            <qtimetadatafield>
              <fieldlabel>assessment_question_identifierref</fieldlabel>
              <fieldentry>text2qti_question_ref_a26a1050535176bb7d70d98e23f719fbf5eb73870fb0d8d5e96f74b0a5ef3e51</fieldentry>
            </qtimetadatafield>
          </qtimetadata>
        </itemmetadata>
        <presentation>
          <material>
            <mattext texttype="text/html">&lt;p&gt;Elige todas las acciones correctas para el cuidado de la máquina después de usar el taladro de banco:&lt;/p&gt;</mattext>
          </material>
          <response_lid ident="response1" rcardinality="Multiple">
            <render_choice>
              <response_label ident="text2qti_choice_b451f278aa383a804a598cb65e75228fd43244a77ed72b3a7d0895ff11637e34">
                <material>
                  <mattext texttype="text/html">&lt;p&gt;Secar la superficie y retirar restos de fluido y viruta&lt;/p&gt;</mattext>
                </material>
              </response_label>
              <response_label ident="text2qti_choice_e962cd5becd90b234e9f9b0d563d9fb1eded0c413ce5c29ab97b3065a9b56d41">
                <material>
                  <mattext texttype="text/html">&lt;p&gt;Pasar un trapo con aceite liviano sobre las partes metálicas&lt;/p&gt;</mattext>
                </material>
              </response_label>
              <response_label ident="text2qti_choice_fb0c186e18c1612e3ef2e4b57ab504a0c3f7d852c613cdeb63b4348bb368a466">
                <material>
                  <mattext texttype="text/html">&lt;p&gt;Mantener el área de trabajo limpia y ordenada&lt;/p&gt;</mattext>
                </material>
              </response_label>
              <response_label ident="text2qti_choice_6b023a07b73db24ad4f0ee246189763df6749aed3134ecf2c35ced6752cddad0">
                <material>
                  <mattext texttype="text/html">&lt;p&gt;Tensar la correa de la caja de velocidad del taladro&lt;/p&gt;</mattext>
                </material>
              </response_label>
              <response_label ident="text2qti_choice_aa4fdb6ef8d663e31b3753aae02fe9790e59418eb02d8a4a3cb821e925e819e2">
                <material>
                  <mattext texttype="text/html">&lt;p&gt;Controlar las protecciones eléctricas del motor&lt;/p&gt;</mattext>
                </material>
              </response_label>
            </render_choice>
          </response_lid>
        </presentation>
        <resprocessing>
          <outcomes>
            <decvar maxvalue="100" minvalue="0" varname="SCORE" vartype="Decimal"/>
          </outcomes>
          <respcondition continue="No">
            <conditionvar>
              <and>
                <varequal respident="response1">text2qti_choice_b451f278aa383a804a598cb65e75228fd43244a77ed72b3a7d0895ff11637e34</varequal>
                <varequal respident="response1">text2qti_choice_e962cd5becd90b234e9f9b0d563d9fb1eded0c413ce5c29ab97b3065a9b56d41</varequal>
                <varequal respident="response1">text2qti_choice_fb0c186e18c1612e3ef2e4b57ab504a0c3f7d852c613cdeb63b4348bb368a466</varequal>
                <not>
                  <varequal respident="response1">text2qti_choice_6b023a07b73db24ad4f0ee246189763df6749aed3134ecf2c35ced6752cddad0</varequal>
                </not>
                <not>
                  <varequal respident="response1">text2qti_choice_aa4fdb6ef8d663e31b3753aae02fe9790e59418eb02d8a4a3cb821e925e819e2</varequal>
                </not>
              </and>
            </conditionvar>
            <setvar action="Set" varname="SCORE">100</setvar>
          </respcondition>
        </resprocessing>
      </item>
    </section>
    <section ident="text2qti_group_bb8e7fb7ad6ca952d85d686e31b356b449da44ddb573549209736efe6de92c33" title="Group">
      <selection_ordering>
        <selection>
          <selection_number>1</selection_number>
          <selection_extension>
            <points_per_item>1</points_per_item>
          </selection_extension>
        </selection>
      </selection_ordering>
      <item ident="text2qti_question_172aefda1f7206e83af7232bb90f2ae8027b1ad6d71d007bc6f2e8cc7679fc7e" title="Question">
        <itemmetadata>
          <qtimetadata>
            <qtimetadatafield>
              <fieldlabel>question_type</fieldlabel>
              <fieldentry>multiple_choice_question</fieldentry>
            </qtimetadatafield>
            <qtimetadatafield>
              <fieldlabel>points_possible</fieldlabel>
              <fieldentry>1</fieldentry>
            </qtimetadatafield>
            <qtimetadatafield>
              <fieldlabel>original_answer_ids</fieldlabel>
              <fieldentry>text2qti_choice_ed6ae39cf2a72960fd1a4e37c965f765fe25b6073bc70c5854470d087245b05d,text2qti_choice_0575855259d31097acaa51ccf19905d9519a969381aca6d2a5c86a35dfbf0a00,text2qti_choice_767c8fec2e2105fe2ff2a9b924108ee87dc421699adeb1f4f4ef25931bb0c9b0,text2qti_choice_eaed2442a2a111772627729cb2cf0693d933b671bcc21a946ad5a5d9daeb2ff6</fieldentry>
            </qtimetadatafield>
            <qtimetadatafield>
              <fieldlabel>assessment_question_identifierref</fieldlabel>
              <fieldentry>text2qti_question_ref_172aefda1f7206e83af7232bb90f2ae8027b1ad6d71d007bc6f2e8cc7679fc7e</fieldentry>
            </qtimetadatafield>
          </qtimetadata>
        </itemmetadata>
        <presentation>
          <material>
            <mattext texttype="text/html">&lt;p&gt;Selecciona la opción correcta. Las brocas escalonadas se usan principalmente para:&lt;/p&gt;</mattext>
          </material>
          <response_lid ident="response1" rcardinality="Single">
            <render_choice>
              <response_label ident="text2qti_choice_ed6ae39cf2a72960fd1a4e37c965f765fe25b6073bc70c5854470d087245b05d">
                <material>
                  <mattext texttype="text/html">&lt;p&gt;Agujeros profundos en acero duro&lt;/p&gt;</mattext>
                </material>
              </response_label>
              <response_label ident="text2qti_choice_0575855259d31097acaa51ccf19905d9519a969381aca6d2a5c86a35dfbf0a00">
                <material>
                  <mattext texttype="text/html">&lt;p&gt;Chapas finas y plásticos&lt;/p&gt;</mattext>
                </material>
              </response_label>
              <response_label ident="text2qti_choice_767c8fec2e2105fe2ff2a9b924108ee87dc421699adeb1f4f4ef25931bb0c9b0">
                <material>
                  <mattext texttype="text/html">&lt;p&gt;Madera gruesa&lt;/p&gt;</mattext>
                </material>
              </response_label>
              <response_label ident="text2qti_choice_eaed2442a2a111772627729cb2cf0693d933b671bcc21a946ad5a5d9daeb2ff6">
                <material>
                  <mattext texttype="text/html">&lt;p&gt;Arranque pesado de viruta&lt;/p&gt;</mattext>
                </material>
              </response_label>
            </render_choice>
          </response_lid>
        </presentation>
        <resprocessing>
          <outcomes>
            <decvar maxvalue="100" minvalue="0" varname="SCORE" vartype="Decimal"/>
          </outcomes>
          <respcondition continue="No">
            <conditionvar>
              <varequal respident="response1">text2qti_choice_0575855259d31097acaa51ccf19905d9519a969381aca6d2a5c86a35dfbf0a00</varequal>
            </conditionvar>
            <setvar action="Set" varname="SCORE">100</setvar>
          </respcondition>
        </resprocessing>
      </item>
      <item ident="text2qti_question_8770ce8930ea2a4567d244b08edc3482c86e0075208ce66a872ebeb98b7797c1" title="Question">
        <itemmetadata>
          <qtimetadata>
            <qtimetadatafield>
              <fieldlabel>question_type</fieldlabel>
              <fieldentry>multiple_answers_question</fieldentry>
            </qtimetadatafield>
            <qtimetadatafield>
              <fieldlabel>points_possible</fieldlabel>
              <fieldentry>1</fieldentry>
            </qtimetadatafield>
            <qtimetadatafield>
              <fieldlabel>original_answer_ids</fieldlabel>
              <fieldentry>text2qti_choice_3b3ed920d521f7de3b1f57df11f134a79f3b369a23b3d51e7107e54e16992519,text2qti_choice_2343a39331ecde4fb97b79f02f4742a257c87f94402a1fd20076eb0bd05f8dea,text2qti_choice_a2c501d41fc076ddd5b2531c6cdb52384fa95eb440f8952ea37fc2da348aa947,text2qti_choice_87daa288ee8f1b97c6d2fc9e2910b6e6041fd4b07924f3ab3abc30216754fde2,text2qti_choice_74cdae59ddbf8f5c1e0d238b703db173354a6e0ae9a839b7538ce4f86e97a825</fieldentry>
            </qtimetadatafield>
            <qtimetadatafield>
              <fieldlabel>assessment_question_identifierref</fieldlabel>
              <fieldentry>text2qti_question_ref_8770ce8930ea2a4567d244b08edc3482c86e0075208ce66a872ebeb98b7797c1</fieldentry>
            </qtimetadatafield>
          </qtimetadata>
        </itemmetadata>
        <presentation>
          <material>
            <mattext texttype="text/html">&lt;p&gt;Elige todas las opciones correctas. Las sierras corona (brocas corona) se utilizan en:&lt;/p&gt;</mattext>
          </material>
          <response_lid ident="response1" rcardinality="Multiple">
            <render_choice>
              <response_label ident="text2qti_choice_3b3ed920d521f7de3b1f57df11f134a79f3b369a23b3d51e7107e54e16992519">
                <material>
                  <mattext texttype="text/html">&lt;p&gt;Madera&lt;/p&gt;</mattext>
                </material>
              </response_label>
              <response_label ident="text2qti_choice_2343a39331ecde4fb97b79f02f4742a257c87f94402a1fd20076eb0bd05f8dea">
                <material>
                  <mattext texttype="text/html">&lt;p&gt;Aluminio&lt;/p&gt;</mattext>
                </material>
              </response_label>
              <response_label ident="text2qti_choice_a2c501d41fc076ddd5b2531c6cdb52384fa95eb440f8952ea37fc2da348aa947">
                <material>
                  <mattext texttype="text/html">&lt;p&gt;Plásticos&lt;/p&gt;</mattext>
                </material>
              </response_label>
              <response_label ident="text2qti_choice_87daa288ee8f1b97c6d2fc9e2910b6e6041fd4b07924f3ab3abc30216754fde2">
                <material>
                  <mattext texttype="text/html">&lt;p&gt;Chapa fina&lt;/p&gt;</mattext>
                </material>
              </response_label>
              <response_label ident="text2qti_choice_74cdae59ddbf8f5c1e0d238b703db173354a6e0ae9a839b7538ce4f86e97a825">
                <material>
                  <mattext texttype="text/html">&lt;p&gt;Vidrio&lt;/p&gt;</mattext>
                </material>
              </response_label>
            </render_choice>
          </response_lid>
        </presentation>
        <resprocessing>
          <outcomes>
            <decvar maxvalue="100" minvalue="0" varname="SCORE" vartype="Decimal"/>
          </outcomes>
          <respcondition continue="No">
            <conditionvar>
              <and>
                <varequal respident="response1">text2qti_choice_3b3ed920d521f7de3b1f57df11f134a79f3b369a23b3d51e7107e54e16992519</varequal>
                <varequal respident="response1">text2qti_choice_2343a39331ecde4fb97b79f02f4742a257c87f94402a1fd20076eb0bd05f8dea</varequal>
                <varequal respident="response1">text2qti_choice_a2c501d41fc076ddd5b2531c6cdb52384fa95eb440f8952ea37fc2da348aa947</varequal>
                <varequal respident="response1">text2qti_choice_87daa288ee8f1b97c6d2fc9e2910b6e6041fd4b07924f3ab3abc30216754fde2</varequal>
                <not>
                  <varequal respident="response1">text2qti_choice_74cdae59ddbf8f5c1e0d238b703db173354a6e0ae9a839b7538ce4f86e97a825</varequal>
                </not>
              </and>
            </conditionvar>
            <setvar action="Set" varname="SCORE">100</setvar>
          </respcondition>
        </resprocessing>
      </item>
      <item ident="text2qti_question_886721f6dbf76e81a51e38f2a23f6c7d7f862e78c678bc6df73aa38cb3e9e0a7" title="Question">
        <itemmetadata>
          <qtimetadata>
            <qtimetadatafield>
              <fieldlabel>question_type</fieldlabel>
              <fieldentry>multiple_choice_question</fieldentry>
            </qtimetadatafield>
            <qtimetadatafield>
              <fieldlabel>points_possible</fieldlabel>
              <fieldentry>1</fieldentry>
            </qtimetadatafield>
            <qtimetadatafield>
              <fieldlabel>original_answer_ids</fieldlabel>
              <fieldentry>text2qti_choice_3790658f1b1f3815928f21f2a71b1bdeaced5ae39972ac0013d0b2506db4ae2b,text2qti_choice_31c5ac47cbf9b80405c08d8b1e726e3aded81e643e9be200f1a8621d47ae538a,text2qti_choice_05b851c8a8bf2fbbd6ff1ad62b9d5f80707ddb9c411bf321af3abf469b9720f0,text2qti_choice_9cd37ee049e8e423438ab68eaf9765e046f1684a402a59f30a625661c9808ab8</fieldentry>
            </qtimetadatafield>
            <qtimetadatafield>
              <fieldlabel>assessment_question_identifierref</fieldlabel>
              <fieldentry>text2qti_question_ref_886721f6dbf76e81a51e38f2a23f6c7d7f862e78c678bc6df73aa38cb3e9e0a7</fieldentry>
            </qtimetadatafield>
          </qtimetadata>
        </itemmetadata>
        <presentation>
          <material>
            <mattext texttype="text/html">&lt;p&gt;Selecciona la opción correcta. Las brocas escalonadas son más adecuadas para perforar:&lt;/p&gt;</mattext>
          </material>
          <response_lid ident="response1" rcardinality="Single">
            <render_choice>
              <response_label ident="text2qti_choice_3790658f1b1f3815928f21f2a71b1bdeaced5ae39972ac0013d0b2506db4ae2b">
                <material>
                  <mattext texttype="text/html">&lt;p&gt;Acero grueso y profundo&lt;/p&gt;</mattext>
                </material>
              </response_label>
              <response_label ident="text2qti_choice_31c5ac47cbf9b80405c08d8b1e726e3aded81e643e9be200f1a8621d47ae538a">
                <material>
                  <mattext texttype="text/html">&lt;p&gt;Chapas finas, aluminio y plásticos&lt;/p&gt;</mattext>
                </material>
              </response_label>
              <response_label ident="text2qti_choice_05b851c8a8bf2fbbd6ff1ad62b9d5f80707ddb9c411bf321af3abf469b9720f0">
                <material>
                  <mattext texttype="text/html">&lt;p&gt;Madera dura y gruesa&lt;/p&gt;</mattext>
                </material>
              </response_label>
              <response_label ident="text2qti_choice_9cd37ee049e8e423438ab68eaf9765e046f1684a402a59f30a625661c9808ab8">
                <material>
                  <mattext texttype="text/html">&lt;p&gt;Vidrio y cerámica&lt;/p&gt;</mattext>
                </material>
              </response_label>
            </render_choice>
          </response_lid>
        </presentation>
        <resprocessing>
          <outcomes>
            <decvar maxvalue="100" minvalue="0" varname="SCORE" vartype="Decimal"/>
          </outcomes>
          <respcondition continue="No">
            <conditionvar>
              <varequal respident="response1">text2qti_choice_31c5ac47cbf9b80405c08d8b1e726e3aded81e643e9be200f1a8621d47ae538a</varequal>
            </conditionvar>
            <setvar action="Set" varname="SCORE">100</setvar>
          </respcondition>
        </resprocessing>
      </item>
      <item ident="text2qti_question_e08183d044523934f273236584d2685b2c7198c4f8a32200371388b4a51489aa" title="Question">
        <itemmetadata>
          <qtimetadata>
            <qtimetadatafield>
              <fieldlabel>question_type</fieldlabel>
              <fieldentry>multiple_choice_question</fieldentry>
            </qtimetadatafield>
            <qtimetadatafield>
              <fieldlabel>points_possible</fieldlabel>
              <fieldentry>1</fieldentry>
            </qtimetadatafield>
            <qtimetadatafield>
              <fieldlabel>original_answer_ids</fieldlabel>
              <fieldentry>text2qti_choice_490e33929b55fc7c486836808c819a514b716a7afb7d0e19575a32dfade389ca,text2qti_choice_e308e290f86dae46025026ddbe360c17345d79be3af472f08f80bc741e14616c,text2qti_choice_c5b655405a20b6e76cd182993770246b29a77e4107983821d7d6ede2731cf839,text2qti_choice_7eb3ccb2eeb45a34d1057d393c2ecc19d823509ce4117f11f3952c272b351b45</fieldentry>
            </qtimetadatafield>
            <qtimetadatafield>
              <fieldlabel>assessment_question_identifierref</fieldlabel>
              <fieldentry>text2qti_question_ref_e08183d044523934f273236584d2685b2c7198c4f8a32200371388b4a51489aa</fieldentry>
            </qtimetadatafield>
          </qtimetadata>
        </itemmetadata>
        <presentation>
          <material>
            <mattext texttype="text/html">&lt;p&gt;Selecciona la opción correcta. Para hacer agujeros muy grandes en materiales blandos o medianos, la herramienta más recomendada es:&lt;/p&gt;</mattext>
          </material>
          <response_lid ident="response1" rcardinality="Single">
            <render_choice>
              <response_label ident="text2qti_choice_490e33929b55fc7c486836808c819a514b716a7afb7d0e19575a32dfade389ca">
                <material>
                  <mattext texttype="text/html">&lt;p&gt;Broca común de taladro de banco&lt;/p&gt;</mattext>
                </material>
              </response_label>
              <response_label ident="text2qti_choice_e308e290f86dae46025026ddbe360c17345d79be3af472f08f80bc741e14616c">
                <material>
                  <mattext texttype="text/html">&lt;p&gt;Broca escalonada&lt;/p&gt;</mattext>
                </material>
              </response_label>
              <response_label ident="text2qti_choice_c5b655405a20b6e76cd182993770246b29a77e4107983821d7d6ede2731cf839">
                <material>
                  <mattext texttype="text/html">&lt;p&gt;Sierra corona (broca corona)&lt;/p&gt;</mattext>
                </material>
              </response_label>
              <response_label ident="text2qti_choice_7eb3ccb2eeb45a34d1057d393c2ecc19d823509ce4117f11f3952c272b351b45">
                <material>
                  <mattext texttype="text/html">&lt;p&gt;Lija abrasiva&lt;/p&gt;</mattext>
                </material>
              </response_label>
            </render_choice>
          </response_lid>
        </presentation>
        <resprocessing>
          <outcomes>
            <decvar maxvalue="100" minvalue="0" varname="SCORE" vartype="Decimal"/>
          </outcomes>
          <respcondition continue="No">
            <conditionvar>
              <varequal respident="response1">text2qti_choice_c5b655405a20b6e76cd182993770246b29a77e4107983821d7d6ede2731cf839</varequal>
            </conditionvar>
            <setvar action="Set" varname="SCORE">100</setvar>
          </respcondition>
        </resprocessing>
      </item>
    </section>
    <section ident="text2qti_group_de33a8a3d3651a604d6e9a9521c4a1ed229e02c8117857ad62738b4ef05232c8" title="Group">
      <selection_ordering>
        <selection>
          <selection_number>1</selection_number>
          <selection_extension>
            <points_per_item>1</points_per_item>
          </selection_extension>
        </selection>
      </selection_ordering>
      <item ident="text2qti_question_8f661bce7b3be5062113f6a5aa71cd9a68464433ae750032827e6fa378679b67" title="Question">
        <itemmetadata>
          <qtimetadata>
            <qtimetadatafield>
              <fieldlabel>question_type</fieldlabel>
              <fieldentry>multiple_choice_question</fieldentry>
            </qtimetadatafield>
            <qtimetadatafield>
              <fieldlabel>points_possible</fieldlabel>
              <fieldentry>1</fieldentry>
            </qtimetadatafield>
            <qtimetadatafield>
              <fieldlabel>original_answer_ids</fieldlabel>
              <fieldentry>text2qti_choice_f16d267e1febda652e82c724297aa00a1449e7bff3118eb14aa4cad363f94c66,text2qti_choice_8641fcd8af9fd96e42d69c636f4d4672a84e1119059041b00c437a99ad775d8a,text2qti_choice_5cdc4f2447e6d69b2d36b80aa66bbc24642a29e6e4c3234f6c362b9392b1d56a,text2qti_choice_5743b7549f57a12cef62d646a539499e7388755592339f9c31160dcda394ad16</fieldentry>
            </qtimetadatafield>
            <qtimetadatafield>
              <fieldlabel>assessment_question_identifierref</fieldlabel>
              <fieldentry>text2qti_question_ref_8f661bce7b3be5062113f6a5aa71cd9a68464433ae750032827e6fa378679b67</fieldentry>
            </qtimetadatafield>
          </qtimetadata>
        </itemmetadata>
        <presentation>
          <material>
            <mattext texttype="text/html">&lt;p&gt;Procedimiento básico: Select the correct answer. Why should you start with a small drill bit?&lt;/p&gt;</mattext>
          </material>
          <response_lid ident="response1" rcardinality="Single">
            <render_choice>
              <response_label ident="text2qti_choice_f16d267e1febda652e82c724297aa00a1449e7bff3118eb14aa4cad363f94c66">
                <material>
                  <mattext texttype="text/html">&lt;p&gt;To finish faster&lt;/p&gt;</mattext>
                </material>
              </response_label>
              <response_label ident="text2qti_choice_8641fcd8af9fd96e42d69c636f4d4672a84e1119059041b00c437a99ad775d8a">
                <material>
                  <mattext texttype="text/html">&lt;p&gt;To reduce stress on the machine&lt;/p&gt;</mattext>
                </material>
              </response_label>
              <response_label ident="text2qti_choice_5cdc4f2447e6d69b2d36b80aa66bbc24642a29e6e4c3234f6c362b9392b1d56a">
                <material>
                  <mattext texttype="text/html">&lt;p&gt;To make noise&lt;/p&gt;</mattext>
                </material>
              </response_label>
              <response_label ident="text2qti_choice_5743b7549f57a12cef62d646a539499e7388755592339f9c31160dcda394ad16">
                <material>
                  <mattext texttype="text/html">&lt;p&gt;To skip steps&lt;/p&gt;</mattext>
                </material>
              </response_label>
            </render_choice>
          </response_lid>
        </presentation>
        <resprocessing>
          <outcomes>
            <decvar maxvalue="100" minvalue="0" varname="SCORE" vartype="Decimal"/>
          </outcomes>
          <respcondition continue="No">
            <conditionvar>
              <varequal respident="response1">text2qti_choice_8641fcd8af9fd96e42d69c636f4d4672a84e1119059041b00c437a99ad775d8a</varequal>
            </conditionvar>
            <setvar action="Set" varname="SCORE">100</setvar>
          </respcondition>
        </resprocessing>
      </item>
      <item ident="text2qti_question_11773d17046f8e32838b07b56172464d998444892f8de61576f6ce04d8d8c8de" title="Question">
        <itemmetadata>
          <qtimetadata>
            <qtimetadatafield>
              <fieldlabel>question_type</fieldlabel>
              <fieldentry>multiple_choice_question</fieldentry>
            </qtimetadatafield>
            <qtimetadatafield>
              <fieldlabel>points_possible</fieldlabel>
              <fieldentry>1</fieldentry>
            </qtimetadatafield>
            <qtimetadatafield>
              <fieldlabel>original_answer_ids</fieldlabel>
              <fieldentry>text2qti_choice_fa2f0e199ba3ba47cc216bb4dcfe4b0dcf28138c49695f97fcb12ae669aad46c,text2qti_choice_b28802a42c215210f1b0ee1f0cc5baf9b6779c164d015689442409f0a4a7826e,text2qti_choice_7e29312ea5b50e54bc55e46a10f812a878d7c9634a30569266e746e459e51921,text2qti_choice_15cd257cb78cebe6de9ee9daf0fc2d0497951d76dbf803c1c1cfaf9819a7e989</fieldentry>
            </qtimetadatafield>
            <qtimetadatafield>
              <fieldlabel>assessment_question_identifierref</fieldlabel>
              <fieldentry>text2qti_question_ref_11773d17046f8e32838b07b56172464d998444892f8de61576f6ce04d8d8c8de</fieldentry>
            </qtimetadatafield>
          </qtimetadata>
        </itemmetadata>
        <presentation>
          <material>
            <mattext texttype="text/html">&lt;p&gt;Técnica (pasos prácticos): Select the correct answer. What is the first step when using the drill press?&lt;/p&gt;</mattext>
          </material>
          <response_lid ident="response1" rcardinality="Single">
            <render_choice>
              <response_label ident="text2qti_choice_fa2f0e199ba3ba47cc216bb4dcfe4b0dcf28138c49695f97fcb12ae669aad46c">
                <material>
                  <mattext texttype="text/html">&lt;p&gt;Apply coolant&lt;/p&gt;</mattext>
                </material>
              </response_label>
              <response_label ident="text2qti_choice_b28802a42c215210f1b0ee1f0cc5baf9b6779c164d015689442409f0a4a7826e">
                <material>
                  <mattext texttype="text/html">&lt;p&gt;Mark the center of the workpiece&lt;/p&gt;</mattext>
                </material>
              </response_label>
              <response_label ident="text2qti_choice_7e29312ea5b50e54bc55e46a10f812a878d7c9634a30569266e746e459e51921">
                <material>
                  <mattext texttype="text/html">&lt;p&gt;Use the biggest drill bit&lt;/p&gt;</mattext>
                </material>
              </response_label>
              <response_label ident="text2qti_choice_15cd257cb78cebe6de9ee9daf0fc2d0497951d76dbf803c1c1cfaf9819a7e989">
                <material>
                  <mattext texttype="text/html">&lt;p&gt;Remove chips&lt;/p&gt;</mattext>
                </material>
              </response_label>
            </render_choice>
          </response_lid>
        </presentation>
        <resprocessing>
          <outcomes>
            <decvar maxvalue="100" minvalue="0" varname="SCORE" vartype="Decimal"/>
          </outcomes>
          <respcondition continue="No">
            <conditionvar>
              <varequal respident="response1">text2qti_choice_b28802a42c215210f1b0ee1f0cc5baf9b6779c164d015689442409f0a4a7826e</varequal>
            </conditionvar>
            <setvar action="Set" varname="SCORE">100</setvar>
          </respcondition>
        </resprocessing>
      </item>
      <item ident="text2qti_question_347b57b55b9c72321d7f5ec2218560c3b54e558ae26c4c387e11faa859c0abd2" title="Question">
        <itemmetadata>
          <qtimetadata>
            <qtimetadatafield>
              <fieldlabel>question_type</fieldlabel>
              <fieldentry>multiple_choice_question</fieldentry>
            </qtimetadatafield>
            <qtimetadatafield>
              <fieldlabel>points_possible</fieldlabel>
              <fieldentry>1</fieldentry>
            </qtimetadatafield>
            <qtimetadatafield>
              <fieldlabel>original_answer_ids</fieldlabel>
              <fieldentry>text2qti_choice_80eaa4e21e8191b5acf2bdace599de3e2970b5a098b7e8a8ac0cadc0902a282e,text2qti_choice_a6184835d4d4e32dcfe3c308692f6ba0e8433c720131f71288f23fca4fb82257,text2qti_choice_1a5878adfc0113734410b85f0462c2d210fe174b4ae30eedc0e5cfdd842637c8,text2qti_choice_14e5a296a5ce18e9ea4b8f2f6e390a41870ebd946a596d7e34fcfce0eaaa9f88</fieldentry>
            </qtimetadatafield>
            <qtimetadatafield>
              <fieldlabel>assessment_question_identifierref</fieldlabel>
              <fieldentry>text2qti_question_ref_347b57b55b9c72321d7f5ec2218560c3b54e558ae26c4c387e11faa859c0abd2</fieldentry>
            </qtimetadatafield>
          </qtimetadata>
        </itemmetadata>
        <presentation>
          <material>
            <mattext texttype="text/html">&lt;p&gt;Refrigeration and lubrication: Select the correct answer. What does the coolant do?&lt;/p&gt;</mattext>
          </material>
          <response_lid ident="response1" rcardinality="Single">
            <render_choice>
              <response_label ident="text2qti_choice_80eaa4e21e8191b5acf2bdace599de3e2970b5a098b7e8a8ac0cadc0902a282e">
                <material>
                  <mattext texttype="text/html">&lt;p&gt;Makes the drill hot&lt;/p&gt;</mattext>
                </material>
              </response_label>
              <response_label ident="text2qti_choice_a6184835d4d4e32dcfe3c308692f6ba0e8433c720131f71288f23fca4fb82257">
                <material>
                  <mattext texttype="text/html">&lt;p&gt;Cools and lubricates the drill&lt;/p&gt;</mattext>
                </material>
              </response_label>
              <response_label ident="text2qti_choice_1a5878adfc0113734410b85f0462c2d210fe174b4ae30eedc0e5cfdd842637c8">
                <material>
                  <mattext texttype="text/html">&lt;p&gt;Breaks the metal&lt;/p&gt;</mattext>
                </material>
              </response_label>
              <response_label ident="text2qti_choice_14e5a296a5ce18e9ea4b8f2f6e390a41870ebd946a596d7e34fcfce0eaaa9f88">
                <material>
                  <mattext texttype="text/html">&lt;p&gt;Stops the drill&lt;/p&gt;</mattext>
                </material>
              </response_label>
            </render_choice>
          </response_lid>
        </presentation>
        <resprocessing>
          <outcomes>
            <decvar maxvalue="100" minvalue="0" varname="SCORE" vartype="Decimal"/>
          </outcomes>
          <respcondition continue="No">
            <conditionvar>
              <varequal respident="response1">text2qti_choice_a6184835d4d4e32dcfe3c308692f6ba0e8433c720131f71288f23fca4fb82257</varequal>
            </conditionvar>
            <setvar action="Set" varname="SCORE">100</setvar>
          </respcondition>
        </resprocessing>
      </item>
      <item ident="text2qti_question_cc58b4ef6fb9056d6b8d72b3643cf5e62fb4d7cdfecd2898c8a2cd910be57058" title="Question">
        <itemmetadata>
          <qtimetadata>
            <qtimetadatafield>
              <fieldlabel>question_type</fieldlabel>
              <fieldentry>multiple_choice_question</fieldentry>
            </qtimetadatafield>
            <qtimetadatafield>
              <fieldlabel>points_possible</fieldlabel>
              <fieldentry>1</fieldentry>
            </qtimetadatafield>
            <qtimetadatafield>
              <fieldlabel>original_answer_ids</fieldlabel>
              <fieldentry>text2qti_choice_34f1a055ddcf1a3a40862883ceb1e24421ffca1990b4b0673bfe692d64262eca,text2qti_choice_d0e44e798d318f6179f3088a38e8a4fb3755611496ec5d0b13649a05185e711b,text2qti_choice_fc4c1c9f0ca96df70024634e3806ef9bc4b935c58cd076252677d87386028415,text2qti_choice_bc6ff8bbcd5daab9af28e51b3f2c16ce661b6a211af4ac673c935652fdc62b2a</fieldentry>
            </qtimetadatafield>
            <qtimetadatafield>
              <fieldlabel>assessment_question_identifierref</fieldlabel>
              <fieldentry>text2qti_question_ref_cc58b4ef6fb9056d6b8d72b3643cf5e62fb4d7cdfecd2898c8a2cd910be57058</fieldentry>
            </qtimetadatafield>
          </qtimetadata>
        </itemmetadata>
        <presentation>
          <material>
            <mattext texttype="text/html">&lt;p&gt;Other drilling methods: Select the correct answer. What tool is good for very large holes in soft materials?&lt;/p&gt;</mattext>
          </material>
          <response_lid ident="response1" rcardinality="Single">
            <render_choice>
              <response_label ident="text2qti_choice_34f1a055ddcf1a3a40862883ceb1e24421ffca1990b4b0673bfe692d64262eca">
                <material>
                  <mattext texttype="text/html">&lt;p&gt;Small drill bit&lt;/p&gt;</mattext>
                </material>
              </response_label>
              <response_label ident="text2qti_choice_d0e44e798d318f6179f3088a38e8a4fb3755611496ec5d0b13649a05185e711b">
                <material>
                  <mattext texttype="text/html">&lt;p&gt;Step drill&lt;/p&gt;</mattext>
                </material>
              </response_label>
              <response_label ident="text2qti_choice_fc4c1c9f0ca96df70024634e3806ef9bc4b935c58cd076252677d87386028415">
                <material>
                  <mattext texttype="text/html">&lt;p&gt;Hole saw&lt;/p&gt;</mattext>
                </material>
              </response_label>
              <response_label ident="text2qti_choice_bc6ff8bbcd5daab9af28e51b3f2c16ce661b6a211af4ac673c935652fdc62b2a">
                <material>
                  <mattext texttype="text/html">&lt;p&gt;File&lt;/p&gt;</mattext>
                </material>
              </response_label>
            </render_choice>
          </response_lid>
        </presentation>
        <resprocessing>
          <outcomes>
            <decvar maxvalue="100" minvalue="0" varname="SCORE" vartype="Decimal"/>
          </outcomes>
          <respcondition continue="No">
            <conditionvar>
              <varequal respident="response1">text2qti_choice_fc4c1c9f0ca96df70024634e3806ef9bc4b935c58cd076252677d87386028415</varequal>
            </conditionvar>
            <setvar action="Set" varname="SCORE">100</setvar>
          </respcondition>
        </resprocessing>
      </item>
      <item ident="text2qti_question_3dc11276deab791421c4614a23b790b6ecfe8aab7d931e526070c8fbe7feb98b" title="Question">
        <itemmetadata>
          <qtimetadata>
            <qtimetadatafield>
              <fieldlabel>question_type</fieldlabel>
              <fieldentry>multiple_choice_question</fieldentry>
            </qtimetadatafield>
            <qtimetadatafield>
              <fieldlabel>points_possible</fieldlabel>
              <fieldentry>1</fieldentry>
            </qtimetadatafield>
            <qtimetadatafield>
              <fieldlabel>original_answer_ids</fieldlabel>
              <fieldentry>text2qti_choice_d88603068ee69734ab13d219b9eaf4e4d149c0f59f3ed5efec83780ab318bc3b,text2qti_choice_34dfd0ab82c397af9342f8d022ed2a4a4e35eca7614eccebc5bdbcf2c47d41e2,text2qti_choice_a2dcade65304cd377e845150eb627068ed32e434f5deb0014b1d33177f24581a,text2qti_choice_ac7b865dd62f87116554be38df44100a695c0261100d1b71958ccf3ec76d4432</fieldentry>
            </qtimetadatafield>
            <qtimetadatafield>
              <fieldlabel>assessment_question_identifierref</fieldlabel>
              <fieldentry>text2qti_question_ref_3dc11276deab791421c4614a23b790b6ecfe8aab7d931e526070c8fbe7feb98b</fieldentry>
            </qtimetadatafield>
          </qtimetadata>
        </itemmetadata>
        <presentation>
          <material>
            <mattext texttype="text/html">&lt;p&gt;Basic procedure: Select the correct answer. What happens if you use a large drill bit first for a big hole?&lt;/p&gt;</mattext>
          </material>
          <response_lid ident="response1" rcardinality="Single">
            <render_choice>
              <response_label ident="text2qti_choice_d88603068ee69734ab13d219b9eaf4e4d149c0f59f3ed5efec83780ab318bc3b">
                <material>
                  <mattext texttype="text/html">&lt;p&gt;The drill bit can jam or wear out quickly&lt;/p&gt;</mattext>
                </material>
              </response_label>
              <response_label ident="text2qti_choice_34dfd0ab82c397af9342f8d022ed2a4a4e35eca7614eccebc5bdbcf2c47d41e2">
                <material>
                  <mattext texttype="text/html">&lt;p&gt;The hole is easier to make&lt;/p&gt;</mattext>
                </material>
              </response_label>
              <response_label ident="text2qti_choice_a2dcade65304cd377e845150eb627068ed32e434f5deb0014b1d33177f24581a">
                <material>
                  <mattext texttype="text/html">&lt;p&gt;The machine works less&lt;/p&gt;</mattext>
                </material>
              </response_label>
              <response_label ident="text2qti_choice_ac7b865dd62f87116554be38df44100a695c0261100d1b71958ccf3ec76d4432">
                <material>
                  <mattext texttype="text/html">&lt;p&gt;No problem occurs&lt;/p&gt;</mattext>
                </material>
              </response_label>
            </render_choice>
          </response_lid>
        </presentation>
        <resprocessing>
          <outcomes>
            <decvar maxvalue="100" minvalue="0" varname="SCORE" vartype="Decimal"/>
          </outcomes>
          <respcondition continue="No">
            <conditionvar>
              <varequal respident="response1">text2qti_choice_d88603068ee69734ab13d219b9eaf4e4d149c0f59f3ed5efec83780ab318bc3b</varequal>
            </conditionvar>
            <setvar action="Set" varname="SCORE">100</setvar>
          </respcondition>
        </resprocessing>
      </item>
    </section>
    </section>
  </assessment>
</questestinterop>
