Mouser Part Number,Mfr Part Number,Mfr.,Datasheet,Availability,Pricing,RoHS,Lifecycle,Product Detail,Product Type,Product,Termination Style,Capacitance,Tolerance,Voltage Rating DC
581-SCMR18C105MSBA0,SCMR18C105MSBA0,KYOCERA AVX,https://datasheets.kyocera-avx.com/AVX-SCM.pdf,1.072  In Stock,"=""$ 7.829,96""",RoHS Compliant,,https://ar.mouser.com/en/ProductDetail/KYOCERA-AVX/SCMR18C105MSBA0?qs=sGAEpiMZZMsh%252B1woXyUXjwn2JHfxtAaesOEqZHg9sdQ%3D&utm_source=mouser-refine-download&utm_medium=file&utm_campaign=SCMR18C105MSBA0&utm_content=KYOCERA-AVX,Supercapacitors / Ultracapacitors,EDLC / Supercaps,Radial,1 F,20 %,5 VDC
581-SCCR12E105SRB,SCCR12E105SRB,KYOCERA AVX,https://datasheets.kyocera-avx.com/AVX-SCC-3.0V.pdf,8.840  In Stock,"=""$ 3.601,78""",RoHS Compliant,,https://ar.mouser.com/en/ProductDetail/KYOCERA-AVX/SCCR12E105SRB?qs=sGAEpiMZZMsh%252B1woXyUXj8cbwg7mY%252Bp%2Fucqaqp9RDz4%3D&utm_source=mouser-refine-download&utm_medium=file&utm_campaign=SCCR12E105SRB&utm_content=KYOCERA-AVX,Supercapacitors / Ultracapacitors,EDLC / Supercaps,Radial,1 F,"- 10 %, + 30 %",3 VDC
581-SCMR22L105SRBB0,SCMR22L105SRBB0,KYOCERA AVX,https://datasheets.kyocera-avx.com/AVX-SCM.pdf,3.333  In Stock,"=""$ 12.127,74""",RoHS Compliant,,https://ar.mouser.com/en/ProductDetail/KYOCERA-AVX/SCMR22L105SRBB0?qs=sGAEpiMZZMsh%252B1woXyUXj1NeA63mgb7%252BBChyq1Zye48%3D&utm_source=mouser-refine-download&utm_medium=file&utm_campaign=SCMR22L105SRBB0&utm_content=KYOCERA-AVX,Supercapacitors / Ultracapacitors,EDLC / Supercaps,Radial,1 F,"- 10 %, + 30 %",9 VDC
581-SCCQ12E105SRB,SCCQ12E105SRB,KYOCERA AVX,https://datasheets.kyocera-avx.com/AVX-SCC-3.0V.pdf,2.877  In Stock,"=""$ 3.619,18""",RoHS Compliant,,https://ar.mouser.com/en/ProductDetail/KYOCERA-AVX/SCCQ12E105SRB?qs=sGAEpiMZZMsh%252B1woXyUXj8cbwg7mY%252Bp%2FLw9oYdbAXu8%3D&utm_source=mouser-refine-download&utm_medium=file&utm_campaign=SCCQ12E105SRB&utm_content=KYOCERA-AVX,Supercapacitors / Ultracapacitors,EDLC / Supercaps,Radial,1 F,"- 10 %, + 30 %",3 VDC
581-SCCR12B105SRBLE,SCCR12B105SRBLE,KYOCERA AVX,https://datasheets.kyocera-avx.com/AVX-SCC-LE.pdf,2.395  In Stock,"=""$ 3.810,58""",RoHS Compliant,New Product,https://ar.mouser.com/en/ProductDetail/KYOCERA-AVX/SCCR12B105SRBLE?qs=sGAEpiMZZMsh%252B1woXyUXj0XXKN5adBdTn7XBpvbHMFw%3D&utm_source=mouser-refine-download&utm_medium=file&utm_campaign=SCCR12B105SRBLE&utm_content=KYOCERA-AVX,Supercapacitors / Ultracapacitors,SuperCapacitors,Radial,1 F,"- 10 %, + 30 %",2.7 VDC
80-ALS70A105QW025,ALS70A105QW025,KEMET,https://ar.mouser.com/datasheet/3/72/1/KEM_A4075_ALS70_71.pdf,87  In Stock,"=""$ 209.251,37""",RoHS Compliant,,https://ar.mouser.com/en/ProductDetail/KEMET/ALS70A105QW025?qs=sGAEpiMZZMsh%252B1woXyUXjzRu9w46NtHr0l4Dk6ZetKI%3D&utm_source=mouser-refine-download&utm_medium=file&utm_campaign=ALS70A105QW025&utm_content=KEMET,Electrolytic Capacitors,Aluminum Electrolytic Capacitors,,1 F,20 %,25 VDC
504-KW-5R5C105H-R,KW-5R5C105H-R,Eaton Electronics,https://www.eaton.com/content/dam/eaton/products/electronic-components/resources/data-sheet/eaton-kw-supercapacitors-coin-cells-data-sheet.pdf,26.637  In Stock,"=""$ 18.269,91""",RoHS Compliant,,https://ar.mouser.com/en/ProductDetail/Eaton-Electronics/KW-5R5C105H-R?qs=sGAEpiMZZMsh%252B1woXyUXj7qYcHwOLWNq5Kz5w0ExTro%3D&utm_source=mouser-refine-download&utm_medium=file&utm_campaign=KW-5R5C105H-R&utm_content=Eaton-Electronics,Supercapacitors / Ultracapacitors,EDLC / Supercaps,Radial,1 F,"- 20 %, + 80 %",5.5 VDC
504-KVR-5R0C105-R,KVR-5R0C105-R,Eaton Electronics,https://www.eaton.com/gb/en-gb/skuPage.KVR-5R0C105-R.pdf,6.592  In Stock,"=""$ 8.856,56""",RoHS Compliant,,https://ar.mouser.com/en/ProductDetail/Eaton-Electronics/KVR-5R0C105-R?qs=sGAEpiMZZMsh%252B1woXyUXj%252BCoURFk43JpWzByn5RVFWM%3D&utm_source=mouser-refine-download&utm_medium=file&utm_campaign=KVR-5R0C105-R&utm_content=Eaton-Electronics,Supercapacitors / Ultracapacitors,EDLC / Supercaps,Through Hole,1 F,"- 20 %, + 80 %",5 VDC
504-KW-5R5C105-R,KW-5R5C105-R,Eaton Electronics,https://www.eaton.com/content/dam/eaton/products/electronic-components/resources/data-sheet/eaton-kw-supercapacitors-coin-cells-data-sheet.pdf,13.976  In Stock,"=""$ 12.058,14""",RoHS Compliant,,https://ar.mouser.com/en/ProductDetail/Eaton-Electronics/KW-5R5C105-R?qs=sGAEpiMZZMsh%252B1woXyUXj33Xd9dKHV72IVaCn87VNFs%3D&utm_source=mouser-refine-download&utm_medium=file&utm_campaign=KW-5R5C105-R&utm_content=Eaton-Electronics,Supercapacitors / Ultracapacitors,EDLC / Supercaps,Radial,1 F,"- 20 %, + 80 %",5.5 VDC
80-SCTVB1004L2R7YC00,SCTVB1004L2R7YC000,KEMET,https://yageogroup.com/content/datasheet/asset/file/KEM_S6031_SCT,11.997  In Stock,"=""$ 1.444,19""",RoHS Compliant,New Product,https://ar.mouser.com/en/ProductDetail/KEMET/SCTVB1004L2R7YC000?qs=sGAEpiMZZMsh%252B1woXyUXj9%2FD0GFrJS%2FIbO7FcNcV8PI%3D&utm_source=mouser-refine-download&utm_medium=file&utm_campaign=SCTVB1004L2R7YC000&utm_content=KEMET,Supercapacitors / Ultracapacitors,Supercapacitors,Radial,1 F,"- 20 %, + 50 %",2.7 VDC
80-HVZ0E105NF,HVZ0E105NF,KEMET,https://ar.mouser.com/datasheet/3/72/1/KEM_S6020_HV.pdf,1.658  In Stock,"=""$ 3.584,38""",RoHS Compliant,NRND,https://ar.mouser.com/en/ProductDetail/KEMET/HVZ0E105NF?qs=sGAEpiMZZMsh%252B1woXyUXjyU7r8F9vEKYCFfhtsAO4ao%3D&utm_source=mouser-refine-download&utm_medium=file&utm_campaign=HVZ0E105NF&utm_content=KEMET,Supercapacitors / Ultracapacitors,EDLC / Supercaps,Radial,1 F,30 %,2.7 VDC
598-DGH105Q2R7,DGH105Q2R7,Knowles / Illinois Capacitor,https://ar.mouser.com/datasheet/3/208/1/DGH.pdf,21.672  In Stock,"=""$ 2.192,39""",RoHS Compliant,,https://ar.mouser.com/en/ProductDetail/Knowles-Illinois-Capacitor/DGH105Q2R7?qs=sGAEpiMZZMsh%252B1woXyUXj%252BPOAS4JE4Y%252BSOv9Xv%2FZmlw%3D&utm_source=mouser-refine-download&utm_medium=file&utm_campaign=DGH105Q2R7&utm_content=Knowles-%2F-Illinois-Capacitor,Supercapacitors / Ultracapacitors,EDLC / Supercaps,Radial,1 F,"- 10 %, + 30 %",2.7 VDC
598-DSM105Q009W075PB,DSM105Q009W075PB,Knowles / Illinois Capacitor,https://ar.mouser.com/datasheet/3/208/1/KNO_CD_DSM_Datasheet_R2.pdf,195  In Stock,"=""$ 32.607,44""",RoHS Compliant,,https://ar.mouser.com/en/ProductDetail/Knowles-Illinois-Capacitor/DSM105Q009W075PB?qs=sGAEpiMZZMsh%252B1woXyUXjwyUt6n%2Fb68z2xzUeiVcgaI%3D&utm_source=mouser-refine-download&utm_medium=file&utm_campaign=DSM105Q009W075PB&utm_content=Knowles-%2F-Illinois-Capacitor,Supercapacitors / Ultracapacitors,EDLC / Supercaps,Wire,1 F,"- 10 %, + 30 %",9 VDC
504-PM-5R0V105-R,PM-5R0V105-R,Eaton Electronics,https://www.eaton.com/content/dam/eaton/products/electronic-components/resources/data-sheet/eaton-pm-supercapacitors-cylindrical-pack-data-sheet.pdf,863  In Stock,"=""$ 19.383,50""",RoHS Compliant,,https://ar.mouser.com/en/ProductDetail/Eaton-Electronics/PM-5R0V105-R?qs=sGAEpiMZZMsh%252B1woXyUXj1ZRZ9oyZKUG0d%252BZP3ZUyfc%3D&utm_source=mouser-refine-download&utm_medium=file&utm_campaign=PM-5R0V105-R&utm_content=Eaton-Electronics,Supercapacitors / Ultracapacitors,EDLC / Supercaps,Radial,1 F,"- 20 %, + 80 %",5 VDC
504-KVR-5R0H105-R,KVR-5R0H105-R,Eaton Electronics,https://www.eaton.com/gb/en-gb/skuPage.KVR-5R0H105-R.pdf,917  In Stock,"=""$ 8.630,36""",RoHS Compliant,,https://ar.mouser.com/en/ProductDetail/Eaton-Electronics/KVR-5R0H105-R?qs=sGAEpiMZZMsh%252B1woXyUXj%252BCoURFk43JpxzfxoiiRX5M%3D&utm_source=mouser-refine-download&utm_medium=file&utm_campaign=KVR-5R0H105-R&utm_content=Eaton-Electronics,Supercapacitors / Ultracapacitors,EDLC / Supercaps,Through Hole,1 F,"- 20 %, + 80 %",5 VDC
504-KVR-5R0V105-R,KVR-5R0V105-R,Eaton Electronics,https://www.eaton.com/gb/en-gb/skuPage.KVR-5R0V105-R.pdf,2.626  In Stock,"=""$ 8.299,76""",RoHS Compliant,,https://ar.mouser.com/en/ProductDetail/Eaton-Electronics/KVR-5R0V105-R?qs=sGAEpiMZZMsh%252B1woXyUXj%252BCoURFk43Jp%252BknVaBjt76A%3D&utm_source=mouser-refine-download&utm_medium=file&utm_campaign=KVR-5R0V105-R&utm_content=Eaton-Electronics,Supercapacitors / Ultracapacitors,EDLC / Supercaps,Through Hole,1 F,"- 20 %, + 80 %",5 VDC
598-EDC105Z5R5V,EDC105Z5R5V,Knowles / Illinois Capacitor,https://www.cde.com/resources/catalogs/EDC.pdf,937  In Stock,"=""$ 7.412,36""",RoHS Compliant,,https://ar.mouser.com/en/ProductDetail/Knowles-Illinois-Capacitor/EDC105Z5R5V?qs=sGAEpiMZZMsh%252B1woXyUXj9gSVhxrmGzl2VyzOgzT8XY%3D&utm_source=mouser-refine-download&utm_medium=file&utm_campaign=EDC105Z5R5V&utm_content=Knowles-%2F-Illinois-Capacitor,Supercapacitors / Ultracapacitors,EDLC / Supercaps,Axial,1 F,"- 20 %, + 80 %",5.5 VDC
588-LX055105A,LX055105A,Ohmite,https://www.ohmite.com/assets/images/cap-max.pdf,58  In Stock,"=""$ 11.362,14""",RoHS Compliant,,https://ar.mouser.com/en/ProductDetail/Ohmite/LX055105A?qs=sGAEpiMZZMsh%252B1woXyUXj454OU6nZKUJ7s4uEYciNGA%3D&utm_source=mouser-refine-download&utm_medium=file&utm_campaign=LX055105A&utm_content=Ohmite,Supercapacitors / Ultracapacitors,EDLC / Supercaps,Radial,1 F,"- 20 %, + 80 %",5.5 VDC
504-KVW-5R0C105-R,KVW-5R0C105-R,Eaton Electronics,https://www.eaton.com/gb/en-gb/skuPage.KVW-5R0C105-R.pdf,442  In Stock,"=""$ 9.656,95""",RoHS Compliant,,https://ar.mouser.com/en/ProductDetail/Eaton-Electronics/KVW-5R0C105-R?qs=sGAEpiMZZMsh%252B1woXyUXj%252BCoURFk43JpcsRPOhWCV9k%3D&utm_source=mouser-refine-download&utm_medium=file&utm_campaign=KVW-5R0C105-R&utm_content=Eaton-Electronics,Supercapacitors / Ultracapacitors,EDLC / Supercaps,Through Hole,1 F,"- 20 %, + 80 %",5 VDC
504-M0810-2R5105-R,M0810-2R5105-R,Eaton Electronics,https://www.eaton.com/content/dam/eaton/products/electronic-components/resources/data-sheet/eaton-m-supercapacitors-cylindrical-cells-data-sheet.pdf,252  In Stock,"=""$ 8.334,56""",RoHS Compliant,,https://ar.mouser.com/en/ProductDetail/Eaton-Electronics/M0810-2R5105-R?qs=sGAEpiMZZMsh%252B1woXyUXj1ZRZ9oyZKUGwZ%252BPzeoogf8%3D&utm_source=mouser-refine-download&utm_medium=file&utm_campaign=M0810-2R5105-R&utm_content=Eaton-Electronics,Supercapacitors / Ultracapacitors,EDLC / Supercaps,Radial,1 F,"- 20 %, + 80 %",2.5 VDC
815-ADCRX02R7SA105PT,ADCR-X02R7SA105PT,ABRACON,https://ar.mouser.com/datasheet/3/184/1/ADCR_X02R7S.pdf,7.416  In Stock,"=""$ 1.948,79""",RoHS Compliant,New Product,https://ar.mouser.com/en/ProductDetail/ABRACON/ADCR-X02R7SA105PT?qs=sGAEpiMZZMsh%252B1woXyUXj3yo3nWSOWleDa4K1y%252BbIZc%3D&utm_source=mouser-refine-download&utm_medium=file&utm_campaign=ADCR-X02R7SA105PT&utm_content=ABRACON,Supercapacitors / Ultracapacitors,EDLC / Supercaps,Radial,1 F,"- 20 %, + 50 %",2.7 VDC
815-ADCRS02R7SB105MB,ADCR-S02R7SB105MB,ABRACON,https://ar.mouser.com/datasheet/3/184/1/ADCR-S02R7S.pdf,49.249  In Stock,"=""$ 2.209,79""",RoHS Compliant,,https://ar.mouser.com/en/ProductDetail/ABRACON/ADCR-S02R7SB105MB?qs=sGAEpiMZZMsh%252B1woXyUXj8kXu8%252BgW1qHZXw%2FyShq4qM%3D&utm_source=mouser-refine-download&utm_medium=file&utm_campaign=ADCR-S02R7SB105MB&utm_content=ABRACON,Supercapacitors / Ultracapacitors,EDLC / Supercaps,Radial,1 F,20 %,2.7 VDC
693-3-158-698,3-158-698,Schurter,https://www.schurter.com/en/datasheet/typ_SCCA.pdf,265  In Stock,"=""$ 5.219,97""",RoHS Compliant,New Product,https://ar.mouser.com/en/ProductDetail/Schurter/3-158-698?qs=sGAEpiMZZMsh%252B1woXyUXj%252BtyNFKu3eXk5Eve6znpjhw%3D&utm_source=mouser-refine-download&utm_medium=file&utm_campaign=3-158-698&utm_content=Schurter,Supercapacitors / Ultracapacitors,Supercapacitor,Radial,1 F,"0 %, + 30 %",5.5 VDC
80-FXU0H105ZF,FXU0H105ZF,KEMET,https://ar.mouser.com/datasheet/3/72/1/KEM_S6026_FXU.pdf,254  In Stock,"=""$ 17.034,52""",RoHS Compliant,New Product,https://ar.mouser.com/en/ProductDetail/KEMET/FXU0H105ZF?qs=sGAEpiMZZMsh%252B1woXyUXj7Bwxcx5T4uPfT7sgTbnYtY%3D&utm_source=mouser-refine-download&utm_medium=file&utm_campaign=FXU0H105ZF&utm_content=KEMET,Supercapacitors / Ultracapacitors,Supercapacitors,SMD/SMT,1 F,"- 20 %, 80 %",5.5 VDC
815-ADCRX02R7SB105PT,ADCR-X02R7SB105PT,ABRACON,https://ar.mouser.com/datasheet/3/184/1/ADCR_X02R7S.pdf,2.600  In Stock,"=""$ 1.966,19""",RoHS Compliant,New Product,https://ar.mouser.com/en/ProductDetail/ABRACON/ADCR-X02R7SB105PT?qs=sGAEpiMZZMsh%252B1woXyUXj3yo3nWSOWleUtciJG6OXxI%3D&utm_source=mouser-refine-download&utm_medium=file&utm_campaign=ADCR-X02R7SB105PT&utm_content=ABRACON,Supercapacitors / Ultracapacitors,EDLC / Supercaps,Radial,1 F,"- 20 %, + 50 %",2.7 VDC
