<?xml version="1.0" encoding="UTF-8"?>
<questestinterop xmlns="http://www.imsglobal.org/xsd/ims_qtiasiv1p2" xmlns:xsi="http://www.w3.org/2001/XMLSchema-instance" xsi:schemaLocation="http://www.imsglobal.org/xsd/ims_qtiasiv1p2 http://www.imsglobal.org/xsd/ims_qtiasiv1p2p1.xsd">
  <assessment ident="text2qti_assessment_0a86776bdf4011ca88b540f4881084c4432d7cf7f1adbc1035004885694d7854" title="Ejercicio interactivo sobre seguridad e higiene">
    <qtimetadata>
      <qtimetadatafield>
        <fieldlabel>cc_maxattempts</fieldlabel>
        <fieldentry>1</fieldentry>
      </qtimetadatafield>
    </qtimetadata>
    <section ident="root_section">
    <section ident="text2qti_group_8abf8e28f70894abbc68b59042ce7295611cc71ef1c2eb1c632e12c231f27a56" title="Group">
      <selection_ordering>
        <selection>
          <selection_number>1</selection_number>
          <selection_extension>
            <points_per_item>1</points_per_item>
          </selection_extension>
        </selection>
      </selection_ordering>
      <item ident="text2qti_question_b4042fa6cead968b6487dca3946c9ddad9196c9e4dd03634fc763cbc69c10507" title="Question">
        <itemmetadata>
          <qtimetadata>
            <qtimetadatafield>
              <fieldlabel>question_type</fieldlabel>
              <fieldentry>multiple_choice_question</fieldentry>
            </qtimetadatafield>
            <qtimetadatafield>
              <fieldlabel>points_possible</fieldlabel>
              <fieldentry>1</fieldentry>
            </qtimetadatafield>
            <qtimetadatafield>
              <fieldlabel>original_answer_ids</fieldlabel>
              <fieldentry>text2qti_choice_23b5c11a9043c823c7f144e87b0ca22cf13d2761e56216e038bb8b3103c3dabf,text2qti_choice_df2a2992de576d234800ad4d4afcb0f58be6ad83c7edff787d56fee1732cdf28,text2qti_choice_608e2d8a4ca071dcea2d9d9834b9558fb278aa18a058c7ad0373cf60978ad8b1,text2qti_choice_088ba9e72640653ae968245babb3ef9de02a287b90c24aea12581a0428511ff8</fieldentry>
            </qtimetadatafield>
            <qtimetadatafield>
              <fieldlabel>assessment_question_identifierref</fieldlabel>
              <fieldentry>text2qti_question_ref_b4042fa6cead968b6487dca3946c9ddad9196c9e4dd03634fc763cbc69c10507</fieldentry>
            </qtimetadatafield>
          </qtimetadata>
        </itemmetadata>
        <presentation>
          <material>
            <mattext texttype="text/html">&lt;p&gt;Selecciona la opción correcta. ¿Por qué es importante mantener el taller limpio y ordenado?&lt;/p&gt;</mattext>
          </material>
          <response_lid ident="response1" rcardinality="Single">
            <render_choice>
              <response_label ident="text2qti_choice_23b5c11a9043c823c7f144e87b0ca22cf13d2761e56216e038bb8b3103c3dabf">
                <material>
                  <mattext texttype="text/html">&lt;p&gt;Para reducir riesgos de accidentes y mejorar la eficiencia&lt;/p&gt;</mattext>
                </material>
              </response_label>
              <response_label ident="text2qti_choice_df2a2992de576d234800ad4d4afcb0f58be6ad83c7edff787d56fee1732cdf28">
                <material>
                  <mattext texttype="text/html">&lt;p&gt;Para que los profesores y directivos tengan buena opinión del curso&lt;/p&gt;</mattext>
                </material>
              </response_label>
              <response_label ident="text2qti_choice_608e2d8a4ca071dcea2d9d9834b9558fb278aa18a058c7ad0373cf60978ad8b1">
                <material>
                  <mattext texttype="text/html">&lt;p&gt;Para tener más espacio para almacenar materiales&lt;/p&gt;</mattext>
                </material>
              </response_label>
              <response_label ident="text2qti_choice_088ba9e72640653ae968245babb3ef9de02a287b90c24aea12581a0428511ff8">
                <material>
                  <mattext texttype="text/html">&lt;p&gt;Para gastar menos energía eléctrica&lt;/p&gt;</mattext>
                </material>
              </response_label>
            </render_choice>
          </response_lid>
        </presentation>
        <resprocessing>
          <outcomes>
            <decvar maxvalue="100" minvalue="0" varname="SCORE" vartype="Decimal"/>
          </outcomes>
          <respcondition continue="No">
            <conditionvar>
              <varequal respident="response1">text2qti_choice_23b5c11a9043c823c7f144e87b0ca22cf13d2761e56216e038bb8b3103c3dabf</varequal>
            </conditionvar>
            <setvar action="Set" varname="SCORE">100</setvar>
          </respcondition>
        </resprocessing>
      </item>
      <item ident="text2qti_question_1af454690b2e711737d751baff0e214051c8889dac5d4ddebb94635254914996" title="Question">
        <itemmetadata>
          <qtimetadata>
            <qtimetadatafield>
              <fieldlabel>question_type</fieldlabel>
              <fieldentry>multiple_answers_question</fieldentry>
            </qtimetadatafield>
            <qtimetadatafield>
              <fieldlabel>points_possible</fieldlabel>
              <fieldentry>1</fieldentry>
            </qtimetadatafield>
            <qtimetadatafield>
              <fieldlabel>original_answer_ids</fieldlabel>
              <fieldentry>text2qti_choice_520d2a5d8286161b7e49c931f56db79fa1270535a7e8e4b761b6ebc608e87534,text2qti_choice_be4d5902db20a7a5210673de15ff87404f68933f87496f6bf9cc98b35a55940d,text2qti_choice_e9b3c201667d705cd4b76bcb51e6559cf2d26741c6b632eada9428135751e3a6,text2qti_choice_cf31ca33a69fcbd209dbbba08623b986a1103f5a5c53b6aae53d6bfbff17c657</fieldentry>
            </qtimetadatafield>
            <qtimetadatafield>
              <fieldlabel>assessment_question_identifierref</fieldlabel>
              <fieldentry>text2qti_question_ref_1af454690b2e711737d751baff0e214051c8889dac5d4ddebb94635254914996</fieldentry>
            </qtimetadatafield>
          </qtimetadata>
        </itemmetadata>
        <presentation>
          <material>
            <mattext texttype="text/html">&lt;p&gt;Elige todas las opciones correctas. Trabajar con herramientas, máquinas y materiales sin cuidados puede:&lt;/p&gt;</mattext>
          </material>
          <response_lid ident="response1" rcardinality="Multiple">
            <render_choice>
              <response_label ident="text2qti_choice_520d2a5d8286161b7e49c931f56db79fa1270535a7e8e4b761b6ebc608e87534">
                <material>
                  <mattext texttype="text/html">&lt;p&gt;Provocar accidentes&lt;/p&gt;</mattext>
                </material>
              </response_label>
              <response_label ident="text2qti_choice_be4d5902db20a7a5210673de15ff87404f68933f87496f6bf9cc98b35a55940d">
                <material>
                  <mattext texttype="text/html">&lt;p&gt;Aumentar el tiempo perdido&lt;/p&gt;</mattext>
                </material>
              </response_label>
              <response_label ident="text2qti_choice_e9b3c201667d705cd4b76bcb51e6559cf2d26741c6b632eada9428135751e3a6">
                <material>
                  <mattext texttype="text/html">&lt;p&gt;Mejorar la producción&lt;/p&gt;</mattext>
                </material>
              </response_label>
              <response_label ident="text2qti_choice_cf31ca33a69fcbd209dbbba08623b986a1103f5a5c53b6aae53d6bfbff17c657">
                <material>
                  <mattext texttype="text/html">&lt;p&gt;Hacer el taller más organizado&lt;/p&gt;</mattext>
                </material>
              </response_label>
            </render_choice>
          </response_lid>
        </presentation>
        <resprocessing>
          <outcomes>
            <decvar maxvalue="100" minvalue="0" varname="SCORE" vartype="Decimal"/>
          </outcomes>
          <respcondition continue="No">
            <conditionvar>
              <and>
                <varequal respident="response1">text2qti_choice_520d2a5d8286161b7e49c931f56db79fa1270535a7e8e4b761b6ebc608e87534</varequal>
                <varequal respident="response1">text2qti_choice_be4d5902db20a7a5210673de15ff87404f68933f87496f6bf9cc98b35a55940d</varequal>
                <not>
                  <varequal respident="response1">text2qti_choice_e9b3c201667d705cd4b76bcb51e6559cf2d26741c6b632eada9428135751e3a6</varequal>
                </not>
                <not>
                  <varequal respident="response1">text2qti_choice_cf31ca33a69fcbd209dbbba08623b986a1103f5a5c53b6aae53d6bfbff17c657</varequal>
                </not>
              </and>
            </conditionvar>
            <setvar action="Set" varname="SCORE">100</setvar>
          </respcondition>
        </resprocessing>
      </item>
      <item ident="text2qti_question_111f01cd68156bb87a61ef466709dd3a4699db37975b2e66a8a328d4a48f5206" title="Question">
        <itemmetadata>
          <qtimetadata>
            <qtimetadatafield>
              <fieldlabel>question_type</fieldlabel>
              <fieldentry>multiple_choice_question</fieldentry>
            </qtimetadatafield>
            <qtimetadatafield>
              <fieldlabel>points_possible</fieldlabel>
              <fieldentry>1</fieldentry>
            </qtimetadatafield>
            <qtimetadatafield>
              <fieldlabel>original_answer_ids</fieldlabel>
              <fieldentry>text2qti_choice_f121a504bcb1354fa47c2cf3fcf8761ca790ab1505ae13027c57c9f57864298b,text2qti_choice_3c7ef6cf1885401a7b7259c1b6b5b3514038b4f54f837433d62f9c26b4535fcd,text2qti_choice_3355479a51bfd33c1817ed219debad5401f7595da8370fda69a5b5d4319478e0</fieldentry>
            </qtimetadatafield>
            <qtimetadatafield>
              <fieldlabel>assessment_question_identifierref</fieldlabel>
              <fieldentry>text2qti_question_ref_111f01cd68156bb87a61ef466709dd3a4699db37975b2e66a8a328d4a48f5206</fieldentry>
            </qtimetadatafield>
          </qtimetadata>
        </itemmetadata>
        <presentation>
          <material>
            <mattext texttype="text/html">&lt;p&gt;Selecciona la opción correcta. Mantener hábitos seguros en el taller permite:&lt;/p&gt;</mattext>
          </material>
          <response_lid ident="response1" rcardinality="Single">
            <render_choice>
              <response_label ident="text2qti_choice_f121a504bcb1354fa47c2cf3fcf8761ca790ab1505ae13027c57c9f57864298b">
                <material>
                  <mattext texttype="text/html">&lt;p&gt;Producir menos&lt;/p&gt;</mattext>
                </material>
              </response_label>
              <response_label ident="text2qti_choice_3c7ef6cf1885401a7b7259c1b6b5b3514038b4f54f837433d62f9c26b4535fcd">
                <material>
                  <mattext texttype="text/html">&lt;p&gt;Trabajar mejor y perder menos tiempo&lt;/p&gt;</mattext>
                </material>
              </response_label>
              <response_label ident="text2qti_choice_3355479a51bfd33c1817ed219debad5401f7595da8370fda69a5b5d4319478e0">
                <material>
                  <mattext texttype="text/html">&lt;p&gt;Evitar todo tipo de accidentes sin necesidad de EPPs&lt;/p&gt;</mattext>
                </material>
              </response_label>
            </render_choice>
          </response_lid>
        </presentation>
        <resprocessing>
          <outcomes>
            <decvar maxvalue="100" minvalue="0" varname="SCORE" vartype="Decimal"/>
          </outcomes>
          <respcondition continue="No">
            <conditionvar>
              <varequal respident="response1">text2qti_choice_3c7ef6cf1885401a7b7259c1b6b5b3514038b4f54f837433d62f9c26b4535fcd</varequal>
            </conditionvar>
            <setvar action="Set" varname="SCORE">100</setvar>
          </respcondition>
        </resprocessing>
      </item>
    </section>
    <section ident="text2qti_group_ae5fba07e9103a07e55f7a1b2422799b89ff02eab18935c40d0283b91940b0c6" title="Group">
      <selection_ordering>
        <selection>
          <selection_number>1</selection_number>
          <selection_extension>
            <points_per_item>1</points_per_item>
          </selection_extension>
        </selection>
      </selection_ordering>
      <item ident="text2qti_question_87235654c4a079f56c038719ce4728b2d967f92df02014b4bbba510d669d9835" title="Question">
        <itemmetadata>
          <qtimetadata>
            <qtimetadatafield>
              <fieldlabel>question_type</fieldlabel>
              <fieldentry>multiple_choice_question</fieldentry>
            </qtimetadatafield>
            <qtimetadatafield>
              <fieldlabel>points_possible</fieldlabel>
              <fieldentry>1</fieldentry>
            </qtimetadatafield>
            <qtimetadatafield>
              <fieldlabel>original_answer_ids</fieldlabel>
              <fieldentry>text2qti_choice_c7e2b6fc4fed31109223259943c0bc8095b025295b7cde6168cfb1943b8e7d4e,text2qti_choice_de8b48ebaf30a97b09859e0e7f4431e7eb71c0b1aabbbf408c8f81a2e3e6b97b,text2qti_choice_824e3144af2f55c6dbaf08c2877c2242876883f26c0f420e0ac44f0045ebaf1e,text2qti_choice_fbe92d4371d1c36607bab3e221613863511ccc6ba81c20ecc9b652a0b2157033</fieldentry>
            </qtimetadatafield>
            <qtimetadatafield>
              <fieldlabel>assessment_question_identifierref</fieldlabel>
              <fieldentry>text2qti_question_ref_87235654c4a079f56c038719ce4728b2d967f92df02014b4bbba510d669d9835</fieldentry>
            </qtimetadatafield>
          </qtimetadata>
        </itemmetadata>
        <presentation>
          <material>
            <mattext texttype="text/html">&lt;p&gt;Selecciona la opción correcta. ¿Dónde nació la metodología 5S?&lt;/p&gt;</mattext>
          </material>
          <response_lid ident="response1" rcardinality="Single">
            <render_choice>
              <response_label ident="text2qti_choice_c7e2b6fc4fed31109223259943c0bc8095b025295b7cde6168cfb1943b8e7d4e">
                <material>
                  <mattext texttype="text/html">&lt;p&gt;Estados Unidos&lt;/p&gt;</mattext>
                </material>
              </response_label>
              <response_label ident="text2qti_choice_de8b48ebaf30a97b09859e0e7f4431e7eb71c0b1aabbbf408c8f81a2e3e6b97b">
                <material>
                  <mattext texttype="text/html">&lt;p&gt;Japón&lt;/p&gt;</mattext>
                </material>
              </response_label>
              <response_label ident="text2qti_choice_824e3144af2f55c6dbaf08c2877c2242876883f26c0f420e0ac44f0045ebaf1e">
                <material>
                  <mattext texttype="text/html">&lt;p&gt;Alemania&lt;/p&gt;</mattext>
                </material>
              </response_label>
              <response_label ident="text2qti_choice_fbe92d4371d1c36607bab3e221613863511ccc6ba81c20ecc9b652a0b2157033">
                <material>
                  <mattext texttype="text/html">&lt;p&gt;China&lt;/p&gt;</mattext>
                </material>
              </response_label>
            </render_choice>
          </response_lid>
        </presentation>
        <resprocessing>
          <outcomes>
            <decvar maxvalue="100" minvalue="0" varname="SCORE" vartype="Decimal"/>
          </outcomes>
          <respcondition continue="No">
            <conditionvar>
              <varequal respident="response1">text2qti_choice_de8b48ebaf30a97b09859e0e7f4431e7eb71c0b1aabbbf408c8f81a2e3e6b97b</varequal>
            </conditionvar>
            <setvar action="Set" varname="SCORE">100</setvar>
          </respcondition>
        </resprocessing>
      </item>
      <item ident="text2qti_question_c607984d83711a1fd086db89d6c586d750501f784f112f9135a652156d5079d6" title="Question">
        <itemmetadata>
          <qtimetadata>
            <qtimetadatafield>
              <fieldlabel>question_type</fieldlabel>
              <fieldentry>multiple_answers_question</fieldentry>
            </qtimetadatafield>
            <qtimetadatafield>
              <fieldlabel>points_possible</fieldlabel>
              <fieldentry>1</fieldentry>
            </qtimetadatafield>
            <qtimetadatafield>
              <fieldlabel>original_answer_ids</fieldlabel>
              <fieldentry>text2qti_choice_c66759e4c43bf731eb5b4f41e8273f9fe2f79f36ff17dfb35e7970ea07bf1d06,text2qti_choice_29f6f0742e3193cacda38dfd841ca86ddb91cdfafec7e616cd7b83f6c98555a3,text2qti_choice_a78d86ab5427d86ecc078357d11d46da493bad1cacbe00ad0a23c62cb9eedce0,text2qti_choice_5cf488bbbef204c1a028a6cc716efffd7d1095e79647af835ed2c485e4877cf8</fieldentry>
            </qtimetadatafield>
            <qtimetadatafield>
              <fieldlabel>assessment_question_identifierref</fieldlabel>
              <fieldentry>text2qti_question_ref_c607984d83711a1fd086db89d6c586d750501f784f112f9135a652156d5079d6</fieldentry>
            </qtimetadatafield>
          </qtimetadata>
        </itemmetadata>
        <presentation>
          <material>
            <mattext texttype="text/html">&lt;p&gt;Elige todas las opciones correctas. La metodología 5S busca:&lt;/p&gt;</mattext>
          </material>
          <response_lid ident="response1" rcardinality="Multiple">
            <render_choice>
              <response_label ident="text2qti_choice_c66759e4c43bf731eb5b4f41e8273f9fe2f79f36ff17dfb35e7970ea07bf1d06">
                <material>
                  <mattext texttype="text/html">&lt;p&gt;Mantener el taller limpio y ordenado&lt;/p&gt;</mattext>
                </material>
              </response_label>
              <response_label ident="text2qti_choice_29f6f0742e3193cacda38dfd841ca86ddb91cdfafec7e616cd7b83f6c98555a3">
                <material>
                  <mattext texttype="text/html">&lt;p&gt;Reducir accidentes&lt;/p&gt;</mattext>
                </material>
              </response_label>
              <response_label ident="text2qti_choice_a78d86ab5427d86ecc078357d11d46da493bad1cacbe00ad0a23c62cb9eedce0">
                <material>
                  <mattext texttype="text/html">&lt;p&gt;Reducir el salario de los trabajadores&lt;/p&gt;</mattext>
                </material>
              </response_label>
              <response_label ident="text2qti_choice_5cf488bbbef204c1a028a6cc716efffd7d1095e79647af835ed2c485e4877cf8">
                <material>
                  <mattext texttype="text/html">&lt;p&gt;Aumentar el desorden apuntando a una mayor creatividad&lt;/p&gt;</mattext>
                </material>
              </response_label>
            </render_choice>
          </response_lid>
        </presentation>
        <resprocessing>
          <outcomes>
            <decvar maxvalue="100" minvalue="0" varname="SCORE" vartype="Decimal"/>
          </outcomes>
          <respcondition continue="No">
            <conditionvar>
              <and>
                <varequal respident="response1">text2qti_choice_c66759e4c43bf731eb5b4f41e8273f9fe2f79f36ff17dfb35e7970ea07bf1d06</varequal>
                <varequal respident="response1">text2qti_choice_29f6f0742e3193cacda38dfd841ca86ddb91cdfafec7e616cd7b83f6c98555a3</varequal>
                <not>
                  <varequal respident="response1">text2qti_choice_a78d86ab5427d86ecc078357d11d46da493bad1cacbe00ad0a23c62cb9eedce0</varequal>
                </not>
                <not>
                  <varequal respident="response1">text2qti_choice_5cf488bbbef204c1a028a6cc716efffd7d1095e79647af835ed2c485e4877cf8</varequal>
                </not>
              </and>
            </conditionvar>
            <setvar action="Set" varname="SCORE">100</setvar>
          </respcondition>
        </resprocessing>
      </item>
      <item ident="text2qti_question_ad9c50ba2ddc5fe2a52d5b7c4001cbac8d5eb7ee386708cac5465e5f2f709bdc" title="Question">
        <itemmetadata>
          <qtimetadata>
            <qtimetadatafield>
              <fieldlabel>question_type</fieldlabel>
              <fieldentry>short_answer_question</fieldentry>
            </qtimetadatafield>
            <qtimetadatafield>
              <fieldlabel>points_possible</fieldlabel>
              <fieldentry>1</fieldentry>
            </qtimetadatafield>
            <qtimetadatafield>
              <fieldlabel>original_answer_ids</fieldlabel>
              <fieldentry>text2qti_choice_e1066c416dc5173173f85f3cff4ea9b251b0ef21fe46ffd3a9b5aa19ba7c1178,text2qti_choice_10047fab2b4702c1416461604c42e31411ef1b0b696ee8fc3e26aa68eb9fc1f9</fieldentry>
            </qtimetadatafield>
            <qtimetadatafield>
              <fieldlabel>assessment_question_identifierref</fieldlabel>
              <fieldentry>text2qti_question_ref_ad9c50ba2ddc5fe2a52d5b7c4001cbac8d5eb7ee386708cac5465e5f2f709bdc</fieldentry>
            </qtimetadatafield>
          </qtimetadata>
        </itemmetadata>
        <presentation>
          <material>
            <mattext texttype="text/html">&lt;p&gt;Responde con una sola palbra en minúscula ¿En qué empresa se implementó por primera vez el método 5S tras la Segunda Guerra Mundial?&lt;/p&gt;</mattext>
          </material>
          <response_str ident="response1" rcardinality="Single">
            <render_fib>
              <response_label ident="answer1" rshuffle="No"/>
            </render_fib>
          </response_str>
        </presentation>
        <resprocessing>
          <outcomes>
            <decvar maxvalue="100" minvalue="0" varname="SCORE" vartype="Decimal"/>
          </outcomes>
          <respcondition continue="No">
            <conditionvar>
              <varequal respident="response1">toyota</varequal>
              <varequal respident="response1">Toyota</varequal>
            </conditionvar>
            <setvar action="Set" varname="SCORE">100</setvar>
          </respcondition>
        </resprocessing>
      </item>
      <item ident="text2qti_question_12a9921fc7e1c8a91372ed6817f40349bc6e72be50d299765feff455fd193df4" title="Question">
        <itemmetadata>
          <qtimetadata>
            <qtimetadatafield>
              <fieldlabel>question_type</fieldlabel>
              <fieldentry>multiple_choice_question</fieldentry>
            </qtimetadatafield>
            <qtimetadatafield>
              <fieldlabel>points_possible</fieldlabel>
              <fieldentry>1</fieldentry>
            </qtimetadatafield>
            <qtimetadatafield>
              <fieldlabel>original_answer_ids</fieldlabel>
              <fieldentry>text2qti_choice_645ca58bc86fc45172fcf9f0e5c7d1993f33dd24e549348244399153d45a2ab0,text2qti_choice_dd829af1a02ecba09dd1cd03b1e6393666437b23a3aff300a8449e0cac5150c3,text2qti_choice_433e8e6c01cb63e72e4dbe4c0e74bd38f7930c6d5ee1f676229b43f7d6645dda,text2qti_choice_6681a6ec4cb88b76247129a143d7b3761083e1569da887faf32f85a139ca1837</fieldentry>
            </qtimetadatafield>
            <qtimetadatafield>
              <fieldlabel>assessment_question_identifierref</fieldlabel>
              <fieldentry>text2qti_question_ref_12a9921fc7e1c8a91372ed6817f40349bc6e72be50d299765feff455fd193df4</fieldentry>
            </qtimetadatafield>
          </qtimetadata>
        </itemmetadata>
        <presentation>
          <material>
            <mattext texttype="text/html">&lt;p&gt;Selecciona la opción correcta. ¿Por qué se llama 5S?&lt;/p&gt;</mattext>
          </material>
          <response_lid ident="response1" rcardinality="Single">
            <render_choice>
              <response_label ident="text2qti_choice_645ca58bc86fc45172fcf9f0e5c7d1993f33dd24e549348244399153d45a2ab0">
                <material>
                  <mattext texttype="text/html">&lt;p&gt;Porque son 5 segundos de seguridad&lt;/p&gt;</mattext>
                </material>
              </response_label>
              <response_label ident="text2qti_choice_dd829af1a02ecba09dd1cd03b1e6393666437b23a3aff300a8449e0cac5150c3">
                <material>
                  <mattext texttype="text/html">&lt;p&gt;Porque hay cinco supervisores&lt;/p&gt;</mattext>
                </material>
              </response_label>
              <response_label ident="text2qti_choice_433e8e6c01cb63e72e4dbe4c0e74bd38f7930c6d5ee1f676229b43f7d6645dda">
                <material>
                  <mattext texttype="text/html">&lt;p&gt;Porque se basa en cinco pasos que empiezan con &amp;ldquo;S&amp;rdquo; en japonés&lt;/p&gt;</mattext>
                </material>
              </response_label>
              <response_label ident="text2qti_choice_6681a6ec4cb88b76247129a143d7b3761083e1569da887faf32f85a139ca1837">
                <material>
                  <mattext texttype="text/html">&lt;p&gt;Porque se basa en cinco palabras que empiezan con &amp;ldquo;S&amp;rdquo; en inglés&lt;/p&gt;</mattext>
                </material>
              </response_label>
            </render_choice>
          </response_lid>
        </presentation>
        <resprocessing>
          <outcomes>
            <decvar maxvalue="100" minvalue="0" varname="SCORE" vartype="Decimal"/>
          </outcomes>
          <respcondition continue="No">
            <conditionvar>
              <varequal respident="response1">text2qti_choice_433e8e6c01cb63e72e4dbe4c0e74bd38f7930c6d5ee1f676229b43f7d6645dda</varequal>
            </conditionvar>
            <setvar action="Set" varname="SCORE">100</setvar>
          </respcondition>
        </resprocessing>
      </item>
    </section>
    <section ident="text2qti_group_92b5985723aa081827f575d49eac76c6bd761c99b53b2e5e6c333de20efdf4b5" title="Group">
      <selection_ordering>
        <selection>
          <selection_number>2</selection_number>
          <selection_extension>
            <points_per_item>1</points_per_item>
          </selection_extension>
        </selection>
      </selection_ordering>
      <item ident="text2qti_question_17974014ba2913913b2b5997ccb9cfbc232b706db1a1f9bb1e319055eba199e8" title="Question">
        <itemmetadata>
          <qtimetadata>
            <qtimetadatafield>
              <fieldlabel>question_type</fieldlabel>
              <fieldentry>multiple_answers_question</fieldentry>
            </qtimetadatafield>
            <qtimetadatafield>
              <fieldlabel>points_possible</fieldlabel>
              <fieldentry>1</fieldentry>
            </qtimetadatafield>
            <qtimetadatafield>
              <fieldlabel>original_answer_ids</fieldlabel>
              <fieldentry>text2qti_choice_c98a5c5fe59e421a47864aa6e89b7d44aafa80afe0f86be02335a6e7b657b6c1,text2qti_choice_91069445bb0ccf59d466951222bd6a528447630e2b1855486f28a3a823a84a8b,text2qti_choice_073789e3e146a496b2c06e0a7087f70611c4a6f6931049c7135e1bdee832c99a,text2qti_choice_3e8eb79cc2a843c2605147fe503aa5a2329d62af314d5ab5c1e87842088c22c4,text2qti_choice_d4934a0bd2ce69668f3f7c0ce6feb2b5ea2a93d0180cae78897e45e989b13449,text2qti_choice_cafe0f7e1283911b3a83fcc332c70b4c1a0d487d0e50c7264fac0fe0e334f972,text2qti_choice_5d9bf561864934341c0d33cc6beb52d0479bb6d3d1d591813b673d1180c289b9</fieldentry>
            </qtimetadatafield>
            <qtimetadatafield>
              <fieldlabel>assessment_question_identifierref</fieldlabel>
              <fieldentry>text2qti_question_ref_17974014ba2913913b2b5997ccb9cfbc232b706db1a1f9bb1e319055eba199e8</fieldentry>
            </qtimetadatafield>
          </qtimetadata>
        </itemmetadata>
        <presentation>
          <material>
            <mattext texttype="text/html">&lt;p&gt;Elige todas las opciones correctas. ¿Qué pasos incluye el método 5S?&lt;/p&gt;</mattext>
          </material>
          <response_lid ident="response1" rcardinality="Multiple">
            <render_choice>
              <response_label ident="text2qti_choice_c98a5c5fe59e421a47864aa6e89b7d44aafa80afe0f86be02335a6e7b657b6c1">
                <material>
                  <mattext texttype="text/html">&lt;p&gt;Seiri – Clasificar&lt;/p&gt;</mattext>
                </material>
              </response_label>
              <response_label ident="text2qti_choice_91069445bb0ccf59d466951222bd6a528447630e2b1855486f28a3a823a84a8b">
                <material>
                  <mattext texttype="text/html">&lt;p&gt;Seiton – Ordenar&lt;/p&gt;</mattext>
                </material>
              </response_label>
              <response_label ident="text2qti_choice_073789e3e146a496b2c06e0a7087f70611c4a6f6931049c7135e1bdee832c99a">
                <material>
                  <mattext texttype="text/html">&lt;p&gt;Seiso – Limpiar&lt;/p&gt;</mattext>
                </material>
              </response_label>
              <response_label ident="text2qti_choice_3e8eb79cc2a843c2605147fe503aa5a2329d62af314d5ab5c1e87842088c22c4">
                <material>
                  <mattext texttype="text/html">&lt;p&gt;Seiketsu – Estandarizar&lt;/p&gt;</mattext>
                </material>
              </response_label>
              <response_label ident="text2qti_choice_d4934a0bd2ce69668f3f7c0ce6feb2b5ea2a93d0180cae78897e45e989b13449">
                <material>
                  <mattext texttype="text/html">&lt;p&gt;Shitsuke – Disciplina&lt;/p&gt;</mattext>
                </material>
              </response_label>
              <response_label ident="text2qti_choice_cafe0f7e1283911b3a83fcc332c70b4c1a0d487d0e50c7264fac0fe0e334f972">
                <material>
                  <mattext texttype="text/html">&lt;p&gt;Shunkan – Acelerar&lt;/p&gt;</mattext>
                </material>
              </response_label>
              <response_label ident="text2qti_choice_5d9bf561864934341c0d33cc6beb52d0479bb6d3d1d591813b673d1180c289b9">
                <material>
                  <mattext texttype="text/html">&lt;p&gt;Shikaku – Diseñar&lt;/p&gt;</mattext>
                </material>
              </response_label>
            </render_choice>
          </response_lid>
        </presentation>
        <resprocessing>
          <outcomes>
            <decvar maxvalue="100" minvalue="0" varname="SCORE" vartype="Decimal"/>
          </outcomes>
          <respcondition continue="No">
            <conditionvar>
              <and>
                <varequal respident="response1">text2qti_choice_c98a5c5fe59e421a47864aa6e89b7d44aafa80afe0f86be02335a6e7b657b6c1</varequal>
                <varequal respident="response1">text2qti_choice_91069445bb0ccf59d466951222bd6a528447630e2b1855486f28a3a823a84a8b</varequal>
                <varequal respident="response1">text2qti_choice_073789e3e146a496b2c06e0a7087f70611c4a6f6931049c7135e1bdee832c99a</varequal>
                <varequal respident="response1">text2qti_choice_3e8eb79cc2a843c2605147fe503aa5a2329d62af314d5ab5c1e87842088c22c4</varequal>
                <varequal respident="response1">text2qti_choice_d4934a0bd2ce69668f3f7c0ce6feb2b5ea2a93d0180cae78897e45e989b13449</varequal>
                <not>
                  <varequal respident="response1">text2qti_choice_cafe0f7e1283911b3a83fcc332c70b4c1a0d487d0e50c7264fac0fe0e334f972</varequal>
                </not>
                <not>
                  <varequal respident="response1">text2qti_choice_5d9bf561864934341c0d33cc6beb52d0479bb6d3d1d591813b673d1180c289b9</varequal>
                </not>
              </and>
            </conditionvar>
            <setvar action="Set" varname="SCORE">100</setvar>
          </respcondition>
        </resprocessing>
      </item>
      <item ident="text2qti_question_6426c6eecbcf3d7b80273bf212a809b460ba4ed3cfdcc2352f277166d9b52cee" title="Question">
        <itemmetadata>
          <qtimetadata>
            <qtimetadatafield>
              <fieldlabel>question_type</fieldlabel>
              <fieldentry>multiple_choice_question</fieldentry>
            </qtimetadatafield>
            <qtimetadatafield>
              <fieldlabel>points_possible</fieldlabel>
              <fieldentry>1</fieldentry>
            </qtimetadatafield>
            <qtimetadatafield>
              <fieldlabel>original_answer_ids</fieldlabel>
              <fieldentry>text2qti_choice_a869c2e994f9208bc3b06ed8533765847edfe09f35c58e7bfc46aca817c0b878,text2qti_choice_f96cf42fded2bf1a7f50cb1b6b2b07196eeea95df19fb92dff8dca2dd8fb5697,text2qti_choice_f424e4586d7bfb0a23e86aa95195ac96c911169f8ea59810f39081afbb900fa1,text2qti_choice_1b58ab3647c30e64956f97f55515c2f7fce8bcb575826b672cacb18f792375c4</fieldentry>
            </qtimetadatafield>
            <qtimetadatafield>
              <fieldlabel>assessment_question_identifierref</fieldlabel>
              <fieldentry>text2qti_question_ref_6426c6eecbcf3d7b80273bf212a809b460ba4ed3cfdcc2352f277166d9b52cee</fieldentry>
            </qtimetadatafield>
          </qtimetadata>
        </itemmetadata>
        <presentation>
          <material>
            <mattext texttype="text/html">&lt;p&gt;Selecciona la opción correcta. &amp;ldquo;Seiri&amp;rdquo; significa:&lt;/p&gt;</mattext>
          </material>
          <response_lid ident="response1" rcardinality="Single">
            <render_choice>
              <response_label ident="text2qti_choice_a869c2e994f9208bc3b06ed8533765847edfe09f35c58e7bfc46aca817c0b878">
                <material>
                  <mattext texttype="text/html">&lt;p&gt;Separar lo necesario de lo innecesario&lt;/p&gt;</mattext>
                </material>
              </response_label>
              <response_label ident="text2qti_choice_f96cf42fded2bf1a7f50cb1b6b2b07196eeea95df19fb92dff8dca2dd8fb5697">
                <material>
                  <mattext texttype="text/html">&lt;p&gt;Ordenar cada cosa en su lugar&lt;/p&gt;</mattext>
                </material>
              </response_label>
              <response_label ident="text2qti_choice_f424e4586d7bfb0a23e86aa95195ac96c911169f8ea59810f39081afbb900fa1">
                <material>
                  <mattext texttype="text/html">&lt;p&gt;Limpiar el taller&lt;/p&gt;</mattext>
                </material>
              </response_label>
              <response_label ident="text2qti_choice_1b58ab3647c30e64956f97f55515c2f7fce8bcb575826b672cacb18f792375c4">
                <material>
                  <mattext texttype="text/html">&lt;p&gt;Diferenciar lo correcto de lo incorrecto&lt;/p&gt;</mattext>
                </material>
              </response_label>
            </render_choice>
          </response_lid>
        </presentation>
        <resprocessing>
          <outcomes>
            <decvar maxvalue="100" minvalue="0" varname="SCORE" vartype="Decimal"/>
          </outcomes>
          <respcondition continue="No">
            <conditionvar>
              <varequal respident="response1">text2qti_choice_a869c2e994f9208bc3b06ed8533765847edfe09f35c58e7bfc46aca817c0b878</varequal>
            </conditionvar>
            <setvar action="Set" varname="SCORE">100</setvar>
          </respcondition>
        </resprocessing>
      </item>
      <item ident="text2qti_question_92cc10fbb903acd7a276a36a1d80e5074dda6508ed6f4af8909b160578a39c3c" title="Question">
        <itemmetadata>
          <qtimetadata>
            <qtimetadatafield>
              <fieldlabel>question_type</fieldlabel>
              <fieldentry>multiple_choice_question</fieldentry>
            </qtimetadatafield>
            <qtimetadatafield>
              <fieldlabel>points_possible</fieldlabel>
              <fieldentry>1</fieldentry>
            </qtimetadatafield>
            <qtimetadatafield>
              <fieldlabel>original_answer_ids</fieldlabel>
              <fieldentry>text2qti_choice_0e477d8c2743ce189f89f2c32ed513f5ad297a2772ecc309105a41794d095280,text2qti_choice_6a699c33fb452e206b92b2649ab1ba2886595894119841cd11c0fd1ace74aea1,text2qti_choice_23629b5bd901d7c9a98bfe4b56b5be42351b5cf52dda656ebe39f2fc8e738058,text2qti_choice_7a44ed5b7d184f5d0f0373003477812178ac5fac4e2c96b4c6d7e815c3728d7c</fieldentry>
            </qtimetadatafield>
            <qtimetadatafield>
              <fieldlabel>assessment_question_identifierref</fieldlabel>
              <fieldentry>text2qti_question_ref_92cc10fbb903acd7a276a36a1d80e5074dda6508ed6f4af8909b160578a39c3c</fieldentry>
            </qtimetadatafield>
          </qtimetadata>
        </itemmetadata>
        <presentation>
          <material>
            <mattext texttype="text/html">&lt;p&gt;Selecciona la opción correcta. ¿Cuál es el objetivo de &amp;ldquo;Shitsuke&amp;rdquo;?&lt;/p&gt;</mattext>
          </material>
          <response_lid ident="response1" rcardinality="Single">
            <render_choice>
              <response_label ident="text2qti_choice_0e477d8c2743ce189f89f2c32ed513f5ad297a2772ecc309105a41794d095280">
                <material>
                  <mattext texttype="text/html">&lt;p&gt;Formar el hábito de aplicar las 5S todos los días&lt;/p&gt;</mattext>
                </material>
              </response_label>
              <response_label ident="text2qti_choice_6a699c33fb452e206b92b2649ab1ba2886595894119841cd11c0fd1ace74aea1">
                <material>
                  <mattext texttype="text/html">&lt;p&gt;Mantener reglas simples para que el orden y limpieza se repitan&lt;/p&gt;</mattext>
                </material>
              </response_label>
              <response_label ident="text2qti_choice_23629b5bd901d7c9a98bfe4b56b5be42351b5cf52dda656ebe39f2fc8e738058">
                <material>
                  <mattext texttype="text/html">&lt;p&gt;Separar lo necesario de lo innecesario&lt;/p&gt;</mattext>
                </material>
              </response_label>
              <response_label ident="text2qti_choice_7a44ed5b7d184f5d0f0373003477812178ac5fac4e2c96b4c6d7e815c3728d7c">
                <material>
                  <mattext texttype="text/html">&lt;p&gt;Ordenar cada cosa en su lugar&lt;/p&gt;</mattext>
                </material>
              </response_label>
            </render_choice>
          </response_lid>
        </presentation>
        <resprocessing>
          <outcomes>
            <decvar maxvalue="100" minvalue="0" varname="SCORE" vartype="Decimal"/>
          </outcomes>
          <respcondition continue="No">
            <conditionvar>
              <varequal respident="response1">text2qti_choice_0e477d8c2743ce189f89f2c32ed513f5ad297a2772ecc309105a41794d095280</varequal>
            </conditionvar>
            <setvar action="Set" varname="SCORE">100</setvar>
          </respcondition>
        </resprocessing>
      </item>
      <item ident="text2qti_question_2b4395161c2187a7b271eefe8eb99647e09fdcb66850ac14b0a9935b85fa99d6" title="Question">
        <itemmetadata>
          <qtimetadata>
            <qtimetadatafield>
              <fieldlabel>question_type</fieldlabel>
              <fieldentry>multiple_choice_question</fieldentry>
            </qtimetadatafield>
            <qtimetadatafield>
              <fieldlabel>points_possible</fieldlabel>
              <fieldentry>1</fieldentry>
            </qtimetadatafield>
            <qtimetadatafield>
              <fieldlabel>original_answer_ids</fieldlabel>
              <fieldentry>text2qti_choice_f15f48ad77438a0a5cccc784f74b373e2a14710d3099aaa3276f6d5314d28085,text2qti_choice_b7cb1b596ec26a5ca2fa7d767b082f9fa2fe9ff892cb905c636151aa8b6c3a2a,text2qti_choice_b668cf98ed6a74dc5600d70654ea4fbc60858a8f23f440cf9bc194699d06a2ef,text2qti_choice_83d0dc87631467fd9822b18da01ed2c7b28f35755e5aecdee6f0becea87c7af0</fieldentry>
            </qtimetadatafield>
            <qtimetadatafield>
              <fieldlabel>assessment_question_identifierref</fieldlabel>
              <fieldentry>text2qti_question_ref_2b4395161c2187a7b271eefe8eb99647e09fdcb66850ac14b0a9935b85fa99d6</fieldentry>
            </qtimetadatafield>
          </qtimetadata>
        </itemmetadata>
        <presentation>
          <material>
            <mattext texttype="text/html">&lt;p&gt;Selecciona la opción correcta. ¿Cuál es el objetivo de &amp;ldquo;Seiketsu&amp;rdquo;?&lt;/p&gt;</mattext>
          </material>
          <response_lid ident="response1" rcardinality="Single">
            <render_choice>
              <response_label ident="text2qti_choice_f15f48ad77438a0a5cccc784f74b373e2a14710d3099aaa3276f6d5314d28085">
                <material>
                  <mattext texttype="text/html">&lt;p&gt;Separar lo necesario de lo innecesario&lt;/p&gt;</mattext>
                </material>
              </response_label>
              <response_label ident="text2qti_choice_b7cb1b596ec26a5ca2fa7d767b082f9fa2fe9ff892cb905c636151aa8b6c3a2a">
                <material>
                  <mattext texttype="text/html">&lt;p&gt;Formar hábitos&lt;/p&gt;</mattext>
                </material>
              </response_label>
              <response_label ident="text2qti_choice_b668cf98ed6a74dc5600d70654ea4fbc60858a8f23f440cf9bc194699d06a2ef">
                <material>
                  <mattext texttype="text/html">&lt;p&gt;Mantener reglas simples para que el orden y limpieza se repitan&lt;/p&gt;</mattext>
                </material>
              </response_label>
              <response_label ident="text2qti_choice_83d0dc87631467fd9822b18da01ed2c7b28f35755e5aecdee6f0becea87c7af0">
                <material>
                  <mattext texttype="text/html">&lt;p&gt;Hacer reglas para ordenar herramientas&lt;/p&gt;</mattext>
                </material>
              </response_label>
            </render_choice>
          </response_lid>
        </presentation>
        <resprocessing>
          <outcomes>
            <decvar maxvalue="100" minvalue="0" varname="SCORE" vartype="Decimal"/>
          </outcomes>
          <respcondition continue="No">
            <conditionvar>
              <varequal respident="response1">text2qti_choice_b668cf98ed6a74dc5600d70654ea4fbc60858a8f23f440cf9bc194699d06a2ef</varequal>
            </conditionvar>
            <setvar action="Set" varname="SCORE">100</setvar>
          </respcondition>
        </resprocessing>
      </item>
      <item ident="text2qti_question_6750561e25bd585b4736cce923fb496fb7f3116833232c81871fda6449fbd3c5" title="Question">
        <itemmetadata>
          <qtimetadata>
            <qtimetadatafield>
              <fieldlabel>question_type</fieldlabel>
              <fieldentry>short_answer_question</fieldentry>
            </qtimetadatafield>
            <qtimetadatafield>
              <fieldlabel>points_possible</fieldlabel>
              <fieldentry>1</fieldentry>
            </qtimetadatafield>
            <qtimetadatafield>
              <fieldlabel>original_answer_ids</fieldlabel>
              <fieldentry>text2qti_choice_c92cd811895115415de3ca42609d5e593c31c313860ed3462e22c4b3edca8151,text2qti_choice_3c5e03e4592c270cf17e3ef43ccf4c81d13b0c7c994f83b4d1f84f862bf08f7a</fieldentry>
            </qtimetadatafield>
            <qtimetadatafield>
              <fieldlabel>assessment_question_identifierref</fieldlabel>
              <fieldentry>text2qti_question_ref_6750561e25bd585b4736cce923fb496fb7f3116833232c81871fda6449fbd3c5</fieldentry>
            </qtimetadatafield>
          </qtimetadata>
        </itemmetadata>
        <presentation>
          <material>
            <mattext texttype="text/html">&lt;p&gt;¿Qué palabra japonesa corresponde a formar el hábito de aplicar las 5S todos los días? Responde con la palabra en minúscula.&lt;/p&gt;</mattext>
          </material>
          <response_str ident="response1" rcardinality="Single">
            <render_fib>
              <response_label ident="answer1" rshuffle="No"/>
            </render_fib>
          </response_str>
        </presentation>
        <resprocessing>
          <outcomes>
            <decvar maxvalue="100" minvalue="0" varname="SCORE" vartype="Decimal"/>
          </outcomes>
          <respcondition continue="No">
            <conditionvar>
              <varequal respident="response1">shitsuke</varequal>
              <varequal respident="response1">Shitsuke</varequal>
            </conditionvar>
            <setvar action="Set" varname="SCORE">100</setvar>
          </respcondition>
        </resprocessing>
      </item>
      <item ident="text2qti_question_d1adf5c9bed4529d2ca4a0c7bedc4a3bd121031ab8acaadc264f851990923d0d" title="Question">
        <itemmetadata>
          <qtimetadata>
            <qtimetadatafield>
              <fieldlabel>question_type</fieldlabel>
              <fieldentry>short_answer_question</fieldentry>
            </qtimetadatafield>
            <qtimetadatafield>
              <fieldlabel>points_possible</fieldlabel>
              <fieldentry>1</fieldentry>
            </qtimetadatafield>
            <qtimetadatafield>
              <fieldlabel>original_answer_ids</fieldlabel>
              <fieldentry>text2qti_choice_4ddf197df29454fac1287f9a5eadb3b6e47042e2f1384860bf091ee6b95203ad,text2qti_choice_964cc0cea83c7f16b3c0b42a7bafa1f7d318627ab67fb22603e2782f301aabbe</fieldentry>
            </qtimetadatafield>
            <qtimetadatafield>
              <fieldlabel>assessment_question_identifierref</fieldlabel>
              <fieldentry>text2qti_question_ref_d1adf5c9bed4529d2ca4a0c7bedc4a3bd121031ab8acaadc264f851990923d0d</fieldentry>
            </qtimetadatafield>
          </qtimetadata>
        </itemmetadata>
        <presentation>
          <material>
            <mattext texttype="text/html">&lt;p&gt;Escribe la palabra japonesa que corresponde a eliminar polvo, restos de material y suciedad. Responde con la palabra en minúscula.&lt;/p&gt;</mattext>
          </material>
          <response_str ident="response1" rcardinality="Single">
            <render_fib>
              <response_label ident="answer1" rshuffle="No"/>
            </render_fib>
          </response_str>
        </presentation>
        <resprocessing>
          <outcomes>
            <decvar maxvalue="100" minvalue="0" varname="SCORE" vartype="Decimal"/>
          </outcomes>
          <respcondition continue="No">
            <conditionvar>
              <varequal respident="response1">seiso</varequal>
              <varequal respident="response1">Seiso</varequal>
            </conditionvar>
            <setvar action="Set" varname="SCORE">100</setvar>
          </respcondition>
        </resprocessing>
      </item>
    </section>
    <section ident="text2qti_group_552f076a2eae9288fb89dc62805494b4ad656bdcd553c0acccf2856fb6cbb1a8" title="Group">
      <selection_ordering>
        <selection>
          <selection_number>1</selection_number>
          <selection_extension>
            <points_per_item>1</points_per_item>
          </selection_extension>
        </selection>
      </selection_ordering>
      <item ident="text2qti_question_1e463e91437d06b048056fabbbb7fa2e6819ac1b38e51511e4253dbe07f6a806" title="Question">
        <itemmetadata>
          <qtimetadata>
            <qtimetadatafield>
              <fieldlabel>question_type</fieldlabel>
              <fieldentry>multiple_answers_question</fieldentry>
            </qtimetadatafield>
            <qtimetadatafield>
              <fieldlabel>points_possible</fieldlabel>
              <fieldentry>1</fieldentry>
            </qtimetadatafield>
            <qtimetadatafield>
              <fieldlabel>original_answer_ids</fieldlabel>
              <fieldentry>text2qti_choice_0a1d5985c76922afe3265fb55bb593943a55439cbb9bd34886ac1dfec851ca0a,text2qti_choice_8497b554a1d9b6b64d4a0270794d4979ab86eb054f1fbce08dece3b27d33d85c,text2qti_choice_4f04afc94a1e1aedb9eb9bff4036224a60bb2cdec5ff772248ab9a587c9b32e2,text2qti_choice_1236d2a01173b68588665a426470ad6009797d23b6f5602d389485674ffa185a,text2qti_choice_7d6ad1b0c699775cb218e93a54fb79f8cc360eb07eea16ca9ca4f561bddbabf4,text2qti_choice_0921809a0f1309fb88bc33d8ad79403557dd0e57a10fadf22154a717b23d5a35</fieldentry>
            </qtimetadatafield>
            <qtimetadatafield>
              <fieldlabel>assessment_question_identifierref</fieldlabel>
              <fieldentry>text2qti_question_ref_1e463e91437d06b048056fabbbb7fa2e6819ac1b38e51511e4253dbe07f6a806</fieldentry>
            </qtimetadatafield>
          </qtimetadata>
        </itemmetadata>
        <presentation>
          <material>
            <mattext texttype="text/html">&lt;p&gt;Elige todas las opciones correctas. Algunos ejemplos de EPPs son:&lt;/p&gt;</mattext>
          </material>
          <response_lid ident="response1" rcardinality="Multiple">
            <render_choice>
              <response_label ident="text2qti_choice_0a1d5985c76922afe3265fb55bb593943a55439cbb9bd34886ac1dfec851ca0a">
                <material>
                  <mattext texttype="text/html">&lt;p&gt;Guantes&lt;/p&gt;</mattext>
                </material>
              </response_label>
              <response_label ident="text2qti_choice_8497b554a1d9b6b64d4a0270794d4979ab86eb054f1fbce08dece3b27d33d85c">
                <material>
                  <mattext texttype="text/html">&lt;p&gt;Lentes&lt;/p&gt;</mattext>
                </material>
              </response_label>
              <response_label ident="text2qti_choice_4f04afc94a1e1aedb9eb9bff4036224a60bb2cdec5ff772248ab9a587c9b32e2">
                <material>
                  <mattext texttype="text/html">&lt;p&gt;Calzado de seguridad&lt;/p&gt;</mattext>
                </material>
              </response_label>
              <response_label ident="text2qti_choice_1236d2a01173b68588665a426470ad6009797d23b6f5602d389485674ffa185a">
                <material>
                  <mattext texttype="text/html">&lt;p&gt;Protectores auditivos&lt;/p&gt;</mattext>
                </material>
              </response_label>
              <response_label ident="text2qti_choice_7d6ad1b0c699775cb218e93a54fb79f8cc360eb07eea16ca9ca4f561bddbabf4">
                <material>
                  <mattext texttype="text/html">&lt;p&gt;Lentes de contacto&lt;/p&gt;</mattext>
                </material>
              </response_label>
              <response_label ident="text2qti_choice_0921809a0f1309fb88bc33d8ad79403557dd0e57a10fadf22154a717b23d5a35">
                <material>
                  <mattext texttype="text/html">&lt;p&gt;Calzado de cuero&lt;/p&gt;</mattext>
                </material>
              </response_label>
            </render_choice>
          </response_lid>
        </presentation>
        <resprocessing>
          <outcomes>
            <decvar maxvalue="100" minvalue="0" varname="SCORE" vartype="Decimal"/>
          </outcomes>
          <respcondition continue="No">
            <conditionvar>
              <and>
                <varequal respident="response1">text2qti_choice_0a1d5985c76922afe3265fb55bb593943a55439cbb9bd34886ac1dfec851ca0a</varequal>
                <varequal respident="response1">text2qti_choice_8497b554a1d9b6b64d4a0270794d4979ab86eb054f1fbce08dece3b27d33d85c</varequal>
                <varequal respident="response1">text2qti_choice_4f04afc94a1e1aedb9eb9bff4036224a60bb2cdec5ff772248ab9a587c9b32e2</varequal>
                <varequal respident="response1">text2qti_choice_1236d2a01173b68588665a426470ad6009797d23b6f5602d389485674ffa185a</varequal>
                <not>
                  <varequal respident="response1">text2qti_choice_7d6ad1b0c699775cb218e93a54fb79f8cc360eb07eea16ca9ca4f561bddbabf4</varequal>
                </not>
                <not>
                  <varequal respident="response1">text2qti_choice_0921809a0f1309fb88bc33d8ad79403557dd0e57a10fadf22154a717b23d5a35</varequal>
                </not>
              </and>
            </conditionvar>
            <setvar action="Set" varname="SCORE">100</setvar>
          </respcondition>
        </resprocessing>
      </item>
      <item ident="text2qti_question_e164ccf0da360365d2bd3e1deaa613e5ee1a0f3d27e080e4daef6db2be53466e" title="Question">
        <itemmetadata>
          <qtimetadata>
            <qtimetadatafield>
              <fieldlabel>question_type</fieldlabel>
              <fieldentry>multiple_choice_question</fieldentry>
            </qtimetadatafield>
            <qtimetadatafield>
              <fieldlabel>points_possible</fieldlabel>
              <fieldentry>1</fieldentry>
            </qtimetadatafield>
            <qtimetadatafield>
              <fieldlabel>original_answer_ids</fieldlabel>
              <fieldentry>text2qti_choice_95bc9f54a9fbdc79471159463362b52109c3d5d0820fecf78620af89a841b854,text2qti_choice_79fa191e4b2389f0b0b0018a5c65dba4475a984db485c7b470ba374200a6c950,text2qti_choice_f2525427c0c70d44543d0a2b6920a3f25a496b14abdedf44fc0bccffbdce92ef,text2qti_choice_f9939ac51f853d06e5bde5134ffc4afc2637b30f209d682394a1bfdb58c04d10,text2qti_choice_1342f10eefe4c96d01194a78428eb47caa459f9b758bb686fd763e17dac78668</fieldentry>
            </qtimetadatafield>
            <qtimetadatafield>
              <fieldlabel>assessment_question_identifierref</fieldlabel>
              <fieldentry>text2qti_question_ref_e164ccf0da360365d2bd3e1deaa613e5ee1a0f3d27e080e4daef6db2be53466e</fieldentry>
            </qtimetadatafield>
          </qtimetadata>
        </itemmetadata>
        <presentation>
          <material>
            <mattext texttype="text/html">&lt;p&gt;Selecciona la opción correcta. ¿Qué protegen los guantes en el taller?&lt;/p&gt;</mattext>
          </material>
          <response_lid ident="response1" rcardinality="Single">
            <render_choice>
              <response_label ident="text2qti_choice_95bc9f54a9fbdc79471159463362b52109c3d5d0820fecf78620af89a841b854">
                <material>
                  <mattext texttype="text/html">&lt;p&gt;Cortes y quemaduras&lt;/p&gt;</mattext>
                </material>
              </response_label>
              <response_label ident="text2qti_choice_79fa191e4b2389f0b0b0018a5c65dba4475a984db485c7b470ba374200a6c950">
                <material>
                  <mattext texttype="text/html">&lt;p&gt;Golpes en los dedos por herramientas pesadas&lt;/p&gt;</mattext>
                </material>
              </response_label>
              <response_label ident="text2qti_choice_f2525427c0c70d44543d0a2b6920a3f25a496b14abdedf44fc0bccffbdce92ef">
                <material>
                  <mattext texttype="text/html">&lt;p&gt;Frío extremo&lt;/p&gt;</mattext>
                </material>
              </response_label>
              <response_label ident="text2qti_choice_f9939ac51f853d06e5bde5134ffc4afc2637b30f209d682394a1bfdb58c04d10">
                <material>
                  <mattext texttype="text/html">&lt;p&gt;La audición&lt;/p&gt;</mattext>
                </material>
              </response_label>
              <response_label ident="text2qti_choice_1342f10eefe4c96d01194a78428eb47caa459f9b758bb686fd763e17dac78668">
                <material>
                  <mattext texttype="text/html">&lt;p&gt;La visión&lt;/p&gt;</mattext>
                </material>
              </response_label>
            </render_choice>
          </response_lid>
        </presentation>
        <resprocessing>
          <outcomes>
            <decvar maxvalue="100" minvalue="0" varname="SCORE" vartype="Decimal"/>
          </outcomes>
          <respcondition continue="No">
            <conditionvar>
              <varequal respident="response1">text2qti_choice_95bc9f54a9fbdc79471159463362b52109c3d5d0820fecf78620af89a841b854</varequal>
            </conditionvar>
            <setvar action="Set" varname="SCORE">100</setvar>
          </respcondition>
        </resprocessing>
      </item>
      <item ident="text2qti_question_700ff5ed312ff2897d3dbaf35c75c62a8b2d408aade125274905216e825eec68" title="Question">
        <itemmetadata>
          <qtimetadata>
            <qtimetadatafield>
              <fieldlabel>question_type</fieldlabel>
              <fieldentry>multiple_choice_question</fieldentry>
            </qtimetadatafield>
            <qtimetadatafield>
              <fieldlabel>points_possible</fieldlabel>
              <fieldentry>1</fieldentry>
            </qtimetadatafield>
            <qtimetadatafield>
              <fieldlabel>original_answer_ids</fieldlabel>
              <fieldentry>text2qti_choice_8ef99081f039e85f0ed4d92a0a05372646f76977d42f4b532087c9de79115952,text2qti_choice_d3521cb91bcd8608f0586902728dce5e4f92aaea24f25bb051f090e0edb6d86e,text2qti_choice_fb634c70c50586ff3709426247a59374ded791bb4a1c50d65b7a7e364a01462c</fieldentry>
            </qtimetadatafield>
            <qtimetadatafield>
              <fieldlabel>assessment_question_identifierref</fieldlabel>
              <fieldentry>text2qti_question_ref_700ff5ed312ff2897d3dbaf35c75c62a8b2d408aade125274905216e825eec68</fieldentry>
            </qtimetadatafield>
          </qtimetadata>
        </itemmetadata>
        <presentation>
          <material>
            <mattext texttype="text/html">&lt;p&gt;Selecciona la opción correcta. ¿Qué indica la regla clave sobre los EPPs?&lt;/p&gt;</mattext>
          </material>
          <response_lid ident="response1" rcardinality="Single">
            <render_choice>
              <response_label ident="text2qti_choice_8ef99081f039e85f0ed4d92a0a05372646f76977d42f4b532087c9de79115952">
                <material>
                  <mattext texttype="text/html">&lt;p&gt;Es opcional usarlos&lt;/p&gt;</mattext>
                </material>
              </response_label>
              <response_label ident="text2qti_choice_d3521cb91bcd8608f0586902728dce5e4f92aaea24f25bb051f090e0edb6d86e">
                <material>
                  <mattext texttype="text/html">&lt;p&gt;Ningún trabajo comienza sin el EPP correspondiente&lt;/p&gt;</mattext>
                </material>
              </response_label>
              <response_label ident="text2qti_choice_fb634c70c50586ff3709426247a59374ded791bb4a1c50d65b7a7e364a01462c">
                <material>
                  <mattext texttype="text/html">&lt;p&gt;Solo se usa si hay supervisores o profesores presentes&lt;/p&gt;</mattext>
                </material>
              </response_label>
            </render_choice>
          </response_lid>
        </presentation>
        <resprocessing>
          <outcomes>
            <decvar maxvalue="100" minvalue="0" varname="SCORE" vartype="Decimal"/>
          </outcomes>
          <respcondition continue="No">
            <conditionvar>
              <varequal respident="response1">text2qti_choice_d3521cb91bcd8608f0586902728dce5e4f92aaea24f25bb051f090e0edb6d86e</varequal>
            </conditionvar>
            <setvar action="Set" varname="SCORE">100</setvar>
          </respcondition>
        </resprocessing>
      </item>
      <item ident="text2qti_question_b2dddcf4da431510527369e5989aa09b9e46d73ff3a6c649d9de5cfce4975126" title="Question">
        <itemmetadata>
          <qtimetadata>
            <qtimetadatafield>
              <fieldlabel>question_type</fieldlabel>
              <fieldentry>multiple_choice_question</fieldentry>
            </qtimetadatafield>
            <qtimetadatafield>
              <fieldlabel>points_possible</fieldlabel>
              <fieldentry>1</fieldentry>
            </qtimetadatafield>
            <qtimetadatafield>
              <fieldlabel>original_answer_ids</fieldlabel>
              <fieldentry>text2qti_choice_e502fc0fe9ce4350657d5056f1109f60c4230288364535449bcb4a4e1a1669d5,text2qti_choice_b9a1b98f47cc791ed8af82e16ed7e104d50af4c9ea84123918970d35f779ebbc,text2qti_choice_dec74393d57176e9bc3aa7f57ba0e3facb70e6c9de696c79d8cc66115968184d</fieldentry>
            </qtimetadatafield>
            <qtimetadatafield>
              <fieldlabel>assessment_question_identifierref</fieldlabel>
              <fieldentry>text2qti_question_ref_b2dddcf4da431510527369e5989aa09b9e46d73ff3a6c649d9de5cfce4975126</fieldentry>
            </qtimetadatafield>
          </qtimetadata>
        </itemmetadata>
        <presentation>
          <material>
            <mattext texttype="text/html">&lt;p&gt;¿Cuál es la primera medida de protección?&lt;/p&gt;</mattext>
          </material>
          <response_lid ident="response1" rcardinality="Single">
            <render_choice>
              <response_label ident="text2qti_choice_e502fc0fe9ce4350657d5056f1109f60c4230288364535449bcb4a4e1a1669d5">
                <material>
                  <mattext texttype="text/html">&lt;p&gt;Ser responsable y cuidadoso, actitud preventiva&lt;/p&gt;</mattext>
                </material>
              </response_label>
              <response_label ident="text2qti_choice_b9a1b98f47cc791ed8af82e16ed7e104d50af4c9ea84123918970d35f779ebbc">
                <material>
                  <mattext texttype="text/html">&lt;p&gt;Usar los EPPs correspondientes&lt;/p&gt;</mattext>
                </material>
              </response_label>
              <response_label ident="text2qti_choice_dec74393d57176e9bc3aa7f57ba0e3facb70e6c9de696c79d8cc66115968184d">
                <material>
                  <mattext texttype="text/html">&lt;p&gt;Tener la ropa adecuada&lt;/p&gt;</mattext>
                </material>
              </response_label>
            </render_choice>
          </response_lid>
        </presentation>
        <resprocessing>
          <outcomes>
            <decvar maxvalue="100" minvalue="0" varname="SCORE" vartype="Decimal"/>
          </outcomes>
          <respcondition continue="No">
            <conditionvar>
              <varequal respident="response1">text2qti_choice_e502fc0fe9ce4350657d5056f1109f60c4230288364535449bcb4a4e1a1669d5</varequal>
            </conditionvar>
            <setvar action="Set" varname="SCORE">100</setvar>
          </respcondition>
        </resprocessing>
      </item>
      <item ident="text2qti_question_ed2067a304b2882f6fbcccbe34863a51769b9dc2be77670ee1586c60c29883c5" title="Question">
        <itemmetadata>
          <qtimetadata>
            <qtimetadatafield>
              <fieldlabel>question_type</fieldlabel>
              <fieldentry>multiple_choice_question</fieldentry>
            </qtimetadatafield>
            <qtimetadatafield>
              <fieldlabel>points_possible</fieldlabel>
              <fieldentry>1</fieldentry>
            </qtimetadatafield>
            <qtimetadatafield>
              <fieldlabel>original_answer_ids</fieldlabel>
              <fieldentry>text2qti_choice_350125722dde4eeeeffb7382c94564c1a599cfb43334ab9d6f8fab7850c32268,text2qti_choice_a7c43cd7ca3f4febad1224b539bee404df74d6d874f965580bfd9ebd0fbdd8bc,text2qti_choice_81222132e21abd9eabbcd56224376b4f075e54cd6d0e6b4798485c544cf8b164,text2qti_choice_c88ceb7e77e249c3679efa9218e68289c032b8cd6d871901ec180b39027b8233</fieldentry>
            </qtimetadatafield>
            <qtimetadatafield>
              <fieldlabel>assessment_question_identifierref</fieldlabel>
              <fieldentry>text2qti_question_ref_ed2067a304b2882f6fbcccbe34863a51769b9dc2be77670ee1586c60c29883c5</fieldentry>
            </qtimetadatafield>
          </qtimetadata>
        </itemmetadata>
        <presentation>
          <material>
            <mattext texttype="text/html">&lt;p&gt;¿Cuál es la primera protección que tienes antes de usar un EPP?&lt;/p&gt;</mattext>
          </material>
          <response_lid ident="response1" rcardinality="Single">
            <render_choice>
              <response_label ident="text2qti_choice_350125722dde4eeeeffb7382c94564c1a599cfb43334ab9d6f8fab7850c32268">
                <material>
                  <mattext texttype="text/html">&lt;p&gt;Tu actitud esponsable y cuidadosa&lt;/p&gt;</mattext>
                </material>
              </response_label>
              <response_label ident="text2qti_choice_a7c43cd7ca3f4febad1224b539bee404df74d6d874f965580bfd9ebd0fbdd8bc">
                <material>
                  <mattext texttype="text/html">&lt;p&gt;La ropa de trabajo&lt;/p&gt;</mattext>
                </material>
              </response_label>
              <response_label ident="text2qti_choice_81222132e21abd9eabbcd56224376b4f075e54cd6d0e6b4798485c544cf8b164">
                <material>
                  <mattext texttype="text/html">&lt;p&gt;El casco&lt;/p&gt;</mattext>
                </material>
              </response_label>
              <response_label ident="text2qti_choice_c88ceb7e77e249c3679efa9218e68289c032b8cd6d871901ec180b39027b8233">
                <material>
                  <mattext texttype="text/html">&lt;p&gt;La iluminación correcta&lt;/p&gt;</mattext>
                </material>
              </response_label>
            </render_choice>
          </response_lid>
        </presentation>
        <resprocessing>
          <outcomes>
            <decvar maxvalue="100" minvalue="0" varname="SCORE" vartype="Decimal"/>
          </outcomes>
          <respcondition continue="No">
            <conditionvar>
              <varequal respident="response1">text2qti_choice_350125722dde4eeeeffb7382c94564c1a599cfb43334ab9d6f8fab7850c32268</varequal>
            </conditionvar>
            <setvar action="Set" varname="SCORE">100</setvar>
          </respcondition>
        </resprocessing>
      </item>
    </section>
    <section ident="text2qti_group_8454052cd706a7acedc277eb3546bb346eeeed01c704a919f0cf8b9965199774" title="Group">
      <selection_ordering>
        <selection>
          <selection_number>1</selection_number>
          <selection_extension>
            <points_per_item>1</points_per_item>
          </selection_extension>
        </selection>
      </selection_ordering>
      <item ident="text2qti_question_279ac70efac2059a11a3fcb8ec84f9d9df44aab4c7648ad5e69b53000e4f6721" title="Question">
        <itemmetadata>
          <qtimetadata>
            <qtimetadatafield>
              <fieldlabel>question_type</fieldlabel>
              <fieldentry>multiple_choice_question</fieldentry>
            </qtimetadatafield>
            <qtimetadatafield>
              <fieldlabel>points_possible</fieldlabel>
              <fieldentry>1</fieldentry>
            </qtimetadatafield>
            <qtimetadatafield>
              <fieldlabel>original_answer_ids</fieldlabel>
              <fieldentry>text2qti_choice_562e6ca9737ca1c54c42a481864f0b9f193c070befd62fb42c65bb74fdf00e28,text2qti_choice_9d05668f65f7af22551ed3e66330c402c39b6277fe59e489f0e681f1710ed6c2,text2qti_choice_92c49299fbcb7140e305ef996666dcce712ca8cd38c3dc6379bf2a2385dbc93b</fieldentry>
            </qtimetadatafield>
            <qtimetadatafield>
              <fieldlabel>assessment_question_identifierref</fieldlabel>
              <fieldentry>text2qti_question_ref_279ac70efac2059a11a3fcb8ec84f9d9df44aab4c7648ad5e69b53000e4f6721</fieldentry>
            </qtimetadatafield>
          </qtimetadata>
        </itemmetadata>
        <presentation>
          <material>
            <mattext texttype="text/html">&lt;p&gt;Selecciona la opción correcta. ¿Con qué frecuencia debe hacerse idelmente el mantenimiento del taller?&lt;/p&gt;</mattext>
          </material>
          <response_lid ident="response1" rcardinality="Single">
            <render_choice>
              <response_label ident="text2qti_choice_562e6ca9737ca1c54c42a481864f0b9f193c070befd62fb42c65bb74fdf00e28">
                <material>
                  <mattext texttype="text/html">&lt;p&gt;Solo al final de grandes tareas&lt;/p&gt;</mattext>
                </material>
              </response_label>
              <response_label ident="text2qti_choice_9d05668f65f7af22551ed3e66330c402c39b6277fe59e489f0e681f1710ed6c2">
                <material>
                  <mattext texttype="text/html">&lt;p&gt;Todos los días&lt;/p&gt;</mattext>
                </material>
              </response_label>
              <response_label ident="text2qti_choice_92c49299fbcb7140e305ef996666dcce712ca8cd38c3dc6379bf2a2385dbc93b">
                <material>
                  <mattext texttype="text/html">&lt;p&gt;Una vez al mes&lt;/p&gt;</mattext>
                </material>
              </response_label>
            </render_choice>
          </response_lid>
        </presentation>
        <resprocessing>
          <outcomes>
            <decvar maxvalue="100" minvalue="0" varname="SCORE" vartype="Decimal"/>
          </outcomes>
          <respcondition continue="No">
            <conditionvar>
              <varequal respident="response1">text2qti_choice_9d05668f65f7af22551ed3e66330c402c39b6277fe59e489f0e681f1710ed6c2</varequal>
            </conditionvar>
            <setvar action="Set" varname="SCORE">100</setvar>
          </respcondition>
        </resprocessing>
      </item>
      <item ident="text2qti_question_687038cf1abbec8cae4e3abceb5c067934f1e6b731f5a5067caed747a61f3b0f" title="Question">
        <itemmetadata>
          <qtimetadata>
            <qtimetadatafield>
              <fieldlabel>question_type</fieldlabel>
              <fieldentry>multiple_choice_question</fieldentry>
            </qtimetadatafield>
            <qtimetadatafield>
              <fieldlabel>points_possible</fieldlabel>
              <fieldentry>1</fieldentry>
            </qtimetadatafield>
            <qtimetadatafield>
              <fieldlabel>original_answer_ids</fieldlabel>
              <fieldentry>text2qti_choice_1893824efc6388f041689098ea7affeaa484eaa9883f91aa4fa32acb21ed7700,text2qti_choice_a486ee406b290f9c53b5015c021bfe399d74119f0df064619238cd4a88983673,text2qti_choice_b36d053844f44139ed69dca5334dec21de839b1ebab0aaee0ab15c6897a3b2ff,text2qti_choice_8a9d1cff6d678051c7b2a77c2872e28e8a9f1edb676b3079bf8ed26310616b8c</fieldentry>
            </qtimetadatafield>
            <qtimetadatafield>
              <fieldlabel>assessment_question_identifierref</fieldlabel>
              <fieldentry>text2qti_question_ref_687038cf1abbec8cae4e3abceb5c067934f1e6b731f5a5067caed747a61f3b0f</fieldentry>
            </qtimetadatafield>
          </qtimetadata>
        </itemmetadata>
        <presentation>
          <material>
            <mattext texttype="text/html">&lt;p&gt;¿Sobre quién recae la tarea de mantener limpio el taller?&lt;/p&gt;</mattext>
          </material>
          <response_lid ident="response1" rcardinality="Single">
            <render_choice>
              <response_label ident="text2qti_choice_1893824efc6388f041689098ea7affeaa484eaa9883f91aa4fa32acb21ed7700">
                <material>
                  <mattext texttype="text/html">&lt;p&gt;Sobre todos y cada uno de los que están allí&lt;/p&gt;</mattext>
                </material>
              </response_label>
              <response_label ident="text2qti_choice_a486ee406b290f9c53b5015c021bfe399d74119f0df064619238cd4a88983673">
                <material>
                  <mattext texttype="text/html">&lt;p&gt;Sobre los supervisores o profesores&lt;/p&gt;</mattext>
                </material>
              </response_label>
              <response_label ident="text2qti_choice_b36d053844f44139ed69dca5334dec21de839b1ebab0aaee0ab15c6897a3b2ff">
                <material>
                  <mattext texttype="text/html">&lt;p&gt;Sobre los designados para la tarea de limpieza al final de la hora&lt;/p&gt;</mattext>
                </material>
              </response_label>
              <response_label ident="text2qti_choice_8a9d1cff6d678051c7b2a77c2872e28e8a9f1edb676b3079bf8ed26310616b8c">
                <material>
                  <mattext texttype="text/html">&lt;p&gt;Sobre el personal de limpieza&lt;/p&gt;</mattext>
                </material>
              </response_label>
            </render_choice>
          </response_lid>
        </presentation>
        <resprocessing>
          <outcomes>
            <decvar maxvalue="100" minvalue="0" varname="SCORE" vartype="Decimal"/>
          </outcomes>
          <respcondition continue="No">
            <conditionvar>
              <varequal respident="response1">text2qti_choice_1893824efc6388f041689098ea7affeaa484eaa9883f91aa4fa32acb21ed7700</varequal>
            </conditionvar>
            <setvar action="Set" varname="SCORE">100</setvar>
          </respcondition>
        </resprocessing>
      </item>
      <item ident="text2qti_question_bb226877f18d88e0cb82b2b1e0583845fde950e96b3bfcddab0647475bd04261" title="Question">
        <itemmetadata>
          <qtimetadata>
            <qtimetadatafield>
              <fieldlabel>question_type</fieldlabel>
              <fieldentry>multiple_choice_question</fieldentry>
            </qtimetadatafield>
            <qtimetadatafield>
              <fieldlabel>points_possible</fieldlabel>
              <fieldentry>1</fieldentry>
            </qtimetadatafield>
            <qtimetadatafield>
              <fieldlabel>original_answer_ids</fieldlabel>
              <fieldentry>text2qti_choice_5935cf1fb001beb8a9d326896921234c40878dcea18d02c7b7fbb9698df68d68,text2qti_choice_0eafc4215a8408f0ac1ac10c61a5dbbdad5ecebca02751c512748126c38fe121,text2qti_choice_f8b21cead82cfc4426fe1d120bb2bdbf1d38bc4166328d51218c36b2ba947d96</fieldentry>
            </qtimetadatafield>
            <qtimetadatafield>
              <fieldlabel>assessment_question_identifierref</fieldlabel>
              <fieldentry>text2qti_question_ref_bb226877f18d88e0cb82b2b1e0583845fde950e96b3bfcddab0647475bd04261</fieldentry>
            </qtimetadatafield>
          </qtimetadata>
        </itemmetadata>
        <presentation>
          <material>
            <mattext texttype="text/html">&lt;p&gt;¿Quién debe levantar un boyo de papel tirado en el suelo?&lt;/p&gt;</mattext>
          </material>
          <response_lid ident="response1" rcardinality="Single">
            <render_choice>
              <response_label ident="text2qti_choice_5935cf1fb001beb8a9d326896921234c40878dcea18d02c7b7fbb9698df68d68">
                <material>
                  <mattext texttype="text/html">&lt;p&gt;Cualquiera que pase y lo vea&lt;/p&gt;</mattext>
                </material>
              </response_label>
              <response_label ident="text2qti_choice_0eafc4215a8408f0ac1ac10c61a5dbbdad5ecebca02751c512748126c38fe121">
                <material>
                  <mattext texttype="text/html">&lt;p&gt;El que lo tiró, aunque ya no esté en ese momento&lt;/p&gt;</mattext>
                </material>
              </response_label>
              <response_label ident="text2qti_choice_f8b21cead82cfc4426fe1d120bb2bdbf1d38bc4166328d51218c36b2ba947d96">
                <material>
                  <mattext texttype="text/html">&lt;p&gt;El personal de limpieza&lt;/p&gt;</mattext>
                </material>
              </response_label>
            </render_choice>
          </response_lid>
        </presentation>
        <resprocessing>
          <outcomes>
            <decvar maxvalue="100" minvalue="0" varname="SCORE" vartype="Decimal"/>
          </outcomes>
          <respcondition continue="No">
            <conditionvar>
              <varequal respident="response1">text2qti_choice_5935cf1fb001beb8a9d326896921234c40878dcea18d02c7b7fbb9698df68d68</varequal>
            </conditionvar>
            <setvar action="Set" varname="SCORE">100</setvar>
          </respcondition>
        </resprocessing>
      </item>
    </section>
    <section ident="text2qti_group_dd9ec98cf744ba047f4e66b16ef3bab602a9b465864346e975cd35e113b5f25d" title="Group">
      <selection_ordering>
        <selection>
          <selection_number>1</selection_number>
          <selection_extension>
            <points_per_item>1</points_per_item>
          </selection_extension>
        </selection>
      </selection_ordering>
      <item ident="text2qti_question_6fdb8f26bef46ba10045388fac8ddfc196e91085d50b70f8e0780a0aa1837759" title="Question">
        <itemmetadata>
          <qtimetadata>
            <qtimetadatafield>
              <fieldlabel>question_type</fieldlabel>
              <fieldentry>multiple_choice_question</fieldentry>
            </qtimetadatafield>
            <qtimetadatafield>
              <fieldlabel>points_possible</fieldlabel>
              <fieldentry>1</fieldentry>
            </qtimetadatafield>
            <qtimetadatafield>
              <fieldlabel>original_answer_ids</fieldlabel>
              <fieldentry>text2qti_choice_4c54719d17a5a66ce28d28745c00d436b9c55cfaa44aa54831a86f678aa3862e,text2qti_choice_223034457ab8ca657e67c85484e46be7d681c613dc453d763263c209e90b9d5f,text2qti_choice_8d7cbad0529603f4ad423bacaf76021cca2cc21191dcf1a45df07ae4ccd600cc,text2qti_choice_3b88c242400f2f1b33e40667ac1f61c8442580691da0e5ef8205bb32f68b6af5</fieldentry>
            </qtimetadatafield>
            <qtimetadatafield>
              <fieldlabel>assessment_question_identifierref</fieldlabel>
              <fieldentry>text2qti_question_ref_6fdb8f26bef46ba10045388fac8ddfc196e91085d50b70f8e0780a0aa1837759</fieldentry>
            </qtimetadatafield>
          </qtimetadata>
        </itemmetadata>
        <presentation>
          <material>
            <mattext texttype="text/html">&lt;p&gt;What is your first protection before using an &amp;ldquo;EPP&amp;rdquo;?&lt;/p&gt;</mattext>
          </material>
          <response_lid ident="response1" rcardinality="Single">
            <render_choice>
              <response_label ident="text2qti_choice_4c54719d17a5a66ce28d28745c00d436b9c55cfaa44aa54831a86f678aa3862e">
                <material>
                  <mattext texttype="text/html">&lt;p&gt;Your responsible and careful attitude&lt;/p&gt;</mattext>
                </material>
              </response_label>
              <response_label ident="text2qti_choice_223034457ab8ca657e67c85484e46be7d681c613dc453d763263c209e90b9d5f">
                <material>
                  <mattext texttype="text/html">&lt;p&gt;Work clothing&lt;/p&gt;</mattext>
                </material>
              </response_label>
              <response_label ident="text2qti_choice_8d7cbad0529603f4ad423bacaf76021cca2cc21191dcf1a45df07ae4ccd600cc">
                <material>
                  <mattext texttype="text/html">&lt;p&gt;The helmet&lt;/p&gt;</mattext>
                </material>
              </response_label>
              <response_label ident="text2qti_choice_3b88c242400f2f1b33e40667ac1f61c8442580691da0e5ef8205bb32f68b6af5">
                <material>
                  <mattext texttype="text/html">&lt;p&gt;Proper lighting&lt;/p&gt;</mattext>
                </material>
              </response_label>
            </render_choice>
          </response_lid>
        </presentation>
        <resprocessing>
          <outcomes>
            <decvar maxvalue="100" minvalue="0" varname="SCORE" vartype="Decimal"/>
          </outcomes>
          <respcondition continue="No">
            <conditionvar>
              <varequal respident="response1">text2qti_choice_4c54719d17a5a66ce28d28745c00d436b9c55cfaa44aa54831a86f678aa3862e</varequal>
            </conditionvar>
            <setvar action="Set" varname="SCORE">100</setvar>
          </respcondition>
        </resprocessing>
      </item>
      <item ident="text2qti_question_5321501e408c9d87c13545cd133d3eaaba6a33dae7641cc5a2cab089203ec8b6" title="Question">
        <itemmetadata>
          <qtimetadata>
            <qtimetadatafield>
              <fieldlabel>question_type</fieldlabel>
              <fieldentry>multiple_choice_question</fieldentry>
            </qtimetadatafield>
            <qtimetadatafield>
              <fieldlabel>points_possible</fieldlabel>
              <fieldentry>1</fieldentry>
            </qtimetadatafield>
            <qtimetadatafield>
              <fieldlabel>original_answer_ids</fieldlabel>
              <fieldentry>text2qti_choice_f140e4498f0142c5aa3b7a0af6d2367cbd30a2c23a72f488c868849bd91296c4,text2qti_choice_fd3f5284e59eb11640027ef4715e6a9b6f98b7d8942f3128025f5af4557935e4,text2qti_choice_9305a1265c72427f8e245178177634825b2c5fb395068f09a8495a51d4db648f,text2qti_choice_576cf16e14dd335a9854eb53d32522f2d8c0248199d9267ce3acc219bb6c9b45</fieldentry>
            </qtimetadatafield>
            <qtimetadatafield>
              <fieldlabel>assessment_question_identifierref</fieldlabel>
              <fieldentry>text2qti_question_ref_5321501e408c9d87c13545cd133d3eaaba6a33dae7641cc5a2cab089203ec8b6</fieldentry>
            </qtimetadatafield>
          </qtimetadata>
        </itemmetadata>
        <presentation>
          <material>
            <mattext texttype="text/html">&lt;p&gt;Select the correct option. Where did the 5S methodology originate?&lt;/p&gt;</mattext>
          </material>
          <response_lid ident="response1" rcardinality="Single">
            <render_choice>
              <response_label ident="text2qti_choice_f140e4498f0142c5aa3b7a0af6d2367cbd30a2c23a72f488c868849bd91296c4">
                <material>
                  <mattext texttype="text/html">&lt;p&gt;United States&lt;/p&gt;</mattext>
                </material>
              </response_label>
              <response_label ident="text2qti_choice_fd3f5284e59eb11640027ef4715e6a9b6f98b7d8942f3128025f5af4557935e4">
                <material>
                  <mattext texttype="text/html">&lt;p&gt;Japan&lt;/p&gt;</mattext>
                </material>
              </response_label>
              <response_label ident="text2qti_choice_9305a1265c72427f8e245178177634825b2c5fb395068f09a8495a51d4db648f">
                <material>
                  <mattext texttype="text/html">&lt;p&gt;Germany&lt;/p&gt;</mattext>
                </material>
              </response_label>
              <response_label ident="text2qti_choice_576cf16e14dd335a9854eb53d32522f2d8c0248199d9267ce3acc219bb6c9b45">
                <material>
                  <mattext texttype="text/html">&lt;p&gt;China&lt;/p&gt;</mattext>
                </material>
              </response_label>
            </render_choice>
          </response_lid>
        </presentation>
        <resprocessing>
          <outcomes>
            <decvar maxvalue="100" minvalue="0" varname="SCORE" vartype="Decimal"/>
          </outcomes>
          <respcondition continue="No">
            <conditionvar>
              <varequal respident="response1">text2qti_choice_fd3f5284e59eb11640027ef4715e6a9b6f98b7d8942f3128025f5af4557935e4</varequal>
            </conditionvar>
            <setvar action="Set" varname="SCORE">100</setvar>
          </respcondition>
        </resprocessing>
      </item>
      <item ident="text2qti_question_454032f91292f54a0aa364105e988fb094b35d6ea73a2cd7335c8893229a66d4" title="Question">
        <itemmetadata>
          <qtimetadata>
            <qtimetadatafield>
              <fieldlabel>question_type</fieldlabel>
              <fieldentry>short_answer_question</fieldentry>
            </qtimetadatafield>
            <qtimetadatafield>
              <fieldlabel>points_possible</fieldlabel>
              <fieldentry>1</fieldentry>
            </qtimetadatafield>
            <qtimetadatafield>
              <fieldlabel>original_answer_ids</fieldlabel>
              <fieldentry>text2qti_choice_79eb74ce34f90d19d8385fad14805284be7ab4de708a5b8d0704ddb0c4e8bb20,text2qti_choice_9eab51c2f67e727c8b2d5d2d7747d25793c57e28146c4b79db12b2e1224e76de</fieldentry>
            </qtimetadatafield>
            <qtimetadatafield>
              <fieldlabel>assessment_question_identifierref</fieldlabel>
              <fieldentry>text2qti_question_ref_454032f91292f54a0aa364105e988fb094b35d6ea73a2cd7335c8893229a66d4</fieldentry>
            </qtimetadatafield>
          </qtimetadata>
        </itemmetadata>
        <presentation>
          <material>
            <mattext texttype="text/html">&lt;p&gt;Which Japanese word corresponds to separating necessary items from unnecessary ones every day? Answer with the word in lowercase.&lt;/p&gt;</mattext>
          </material>
          <response_str ident="response1" rcardinality="Single">
            <render_fib>
              <response_label ident="answer1" rshuffle="No"/>
            </render_fib>
          </response_str>
        </presentation>
        <resprocessing>
          <outcomes>
            <decvar maxvalue="100" minvalue="0" varname="SCORE" vartype="Decimal"/>
          </outcomes>
          <respcondition continue="No">
            <conditionvar>
              <varequal respident="response1">seiri</varequal>
              <varequal respident="response1">Seiri</varequal>
            </conditionvar>
            <setvar action="Set" varname="SCORE">100</setvar>
          </respcondition>
        </resprocessing>
      </item>
      <item ident="text2qti_question_5f34ab90214dce9955781bece3a328e39b9277bc0fe0a913381c77a94db4ed74" title="Question">
        <itemmetadata>
          <qtimetadata>
            <qtimetadatafield>
              <fieldlabel>question_type</fieldlabel>
              <fieldentry>short_answer_question</fieldentry>
            </qtimetadatafield>
            <qtimetadatafield>
              <fieldlabel>points_possible</fieldlabel>
              <fieldentry>1</fieldentry>
            </qtimetadatafield>
            <qtimetadatafield>
              <fieldlabel>original_answer_ids</fieldlabel>
              <fieldentry>text2qti_choice_f1b256c39be2f027e529c5667c480def47c334acf0f318c77ed13ea8c3571b8d,text2qti_choice_1c9e17b41c92321bbcda5bf682743e6e79ff1906c9eee5884c1e5e4f8839b530</fieldentry>
            </qtimetadatafield>
            <qtimetadatafield>
              <fieldlabel>assessment_question_identifierref</fieldlabel>
              <fieldentry>text2qti_question_ref_5f34ab90214dce9955781bece3a328e39b9277bc0fe0a913381c77a94db4ed74</fieldentry>
            </qtimetadatafield>
          </qtimetadata>
        </itemmetadata>
        <presentation>
          <material>
            <mattext texttype="text/html">&lt;p&gt;Which Japanese word corresponds to forming the habit of applying the 5S every day? Answer with the word in lowercase.&lt;/p&gt;</mattext>
          </material>
          <response_str ident="response1" rcardinality="Single">
            <render_fib>
              <response_label ident="answer1" rshuffle="No"/>
            </render_fib>
          </response_str>
        </presentation>
        <resprocessing>
          <outcomes>
            <decvar maxvalue="100" minvalue="0" varname="SCORE" vartype="Decimal"/>
          </outcomes>
          <respcondition continue="No">
            <conditionvar>
              <varequal respident="response1">shitsuke</varequal>
              <varequal respident="response1">Shitsuke</varequal>
            </conditionvar>
            <setvar action="Set" varname="SCORE">100</setvar>
          </respcondition>
        </resprocessing>
      </item>
    </section>
    </section>
  </assessment>
</questestinterop>
